nomeSistema,class,jdeodorant,decor,organic
checkstyle,com.puppycrawl.tools.checkstyle.ComplexityOverflow.provokeNpathIntegerOverflow,0,1,1
checkstyle,com.puppycrawl.tools.checkstyle.checks.usage.transmogrify.Resolver.resolveExpression,0,1,1
corenlp,edu.stanford.nlp.classify.ColumnDataClassifier.makeDatum,0,1,1
corenlp,edu.stanford.nlp.classify.ColumnDataClassifier.setProperties,0,1,1
corenlp,edu.stanford.nlp.dcoref.MUCMentionExtractor.nextDoc,0,1,1
corenlp,edu.stanford.nlp.dcoref.SieveCoreferenceSystem.runAndScoreCoref,0,1,1
corenlp,edu.stanford.nlp.dcoref.SieveCoreferenceSystem.optimizeSieveOrdering,0,1,1
corenlp,edu.stanford.nlp.ie.crf.CRFClassifier.makeAnswerArraysAndTagIndex,0,1,1
corenlp,edu.stanford.nlp.ie.crf.CRFClassifier.train,0,1,1
corenlp,edu.stanford.nlp.ie.crf.CRFClassifier.trainWeights,0,1,1
corenlp,edu.stanford.nlp.ie.crf.CRFClassifier.loadTextClassifier,0,1,1
corenlp,edu.stanford.nlp.ie.crf.CRFClassifier.main,0,1,1
corenlp,edu.stanford.nlp.ie.crf.CRFClassifierNonlinear.loadTextClassifier,0,1,1
corenlp,edu.stanford.nlp.ie.crf.CRFLogConditionalObjectiveFunctionForLOP.calculate,0,1,1
corenlp,edu.stanford.nlp.ie.crf.CRFLogConditionalObjectiveFunctionWithDropout.expectedCountsAndValueForADoc,0,1,1
corenlp,edu.stanford.nlp.ie.crf.CRFLogConditionalObjectiveFunctionWithDropout.getDropoutPrior,0,1,1
corenlp,edu.stanford.nlp.ie.crf.CRFNonLinearLogConditionalObjectiveFunction.calculate,0,1,1
corenlp,edu.stanford.nlp.ie.crf.CRFNonLinearSecondOrderLogConditionalObjectiveFunction.calculate,0,1,1
corenlp,edu.stanford.nlp.ie.crf.NERGUI.extract,0,1,1
corenlp,edu.stanford.nlp.ie.ChineseMorphFeatureSets.getFeatures,0,1,1
corenlp,edu.stanford.nlp.ie.EmpiricalNERPrior.scoreOf,0,1,1
corenlp,edu.stanford.nlp.ie.EntityCachingAbstractSequencePrior.updateSequenceElement,0,1,1
corenlp,edu.stanford.nlp.ie.EntityCachingAbstractSequencePriorBIO.updateSequenceElement,0,1,1
corenlp,edu.stanford.nlp.ie.NERFeatureFactory.featuresC,0,1,1
corenlp,edu.stanford.nlp.ie.NERFeatureFactory.featuresCpC,0,1,1
corenlp,edu.stanford.nlp.ie.NumberNormalizer.findNumbers,0,1,1
corenlp,edu.stanford.nlp.ie.QuantifiableEntityNormalizer.normalizedNumberStringQuiet,0,1,1
corenlp,edu.stanford.nlp.ie.QuantifiableEntityNormalizer.processEntity,0,1,1
corenlp,edu.stanford.nlp.international.french.FrenchMorphoFeatureSpecification.strToFeatures,0,1,1
corenlp,edu.stanford.nlp.ling.CoreLabel.toString,0,1,1
corenlp,edu.stanford.nlp.ling.tokensregex.TokenSequenceMatcherITest.testTokenSequenceMatcherNumber,0,1,1
corenlp,edu.stanford.nlp.ling.tokensregex.PhraseTable.addPhrase,0,1,1
corenlp,edu.stanford.nlp.naturalli.OperatorScopeITest.fracasSentencesWithProperNouns,0,1,1
corenlp,edu.stanford.nlp.naturalli.ClauseSplitter.train,0,1,1
corenlp,edu.stanford.nlp.naturalli.ClauseSplitterSearchProblem.search,0,1,1
corenlp,edu.stanford.nlp.naturalli.ForwardEntailerSearchProblem.searchImplementation,0,1,1
corenlp,edu.stanford.nlp.naturalli.OpenIE.main,0,1,1
corenlp,edu.stanford.nlp.naturalli.Polarity.project,0,1,1
corenlp,edu.stanford.nlp.naturalli.QuestionToStatementTranslator.postProcess,0,1,1
corenlp,edu.stanford.nlp.naturalli.RelationTripleSegmenter.extract,0,1,1
corenlp,edu.stanford.nlp.naturalli.RelationTripleSegmenter.segmentVerb,0,1,1
corenlp,edu.stanford.nlp.naturalli.Util.cleanTree,0,1,1
corenlp,edu.stanford.nlp.neural.ConvertModels.main,0,1,1
corenlp,edu.stanford.nlp.parser.dvparser.DVModel.readWordVectors,0,1,1
corenlp,edu.stanford.nlp.parser.dvparser.DVParser.main,0,1,1
corenlp,edu.stanford.nlp.parser.dvparser.FindNearestNeighbors.main,0,1,1
corenlp,edu.stanford.nlp.parser.lexparser.ArabicUnknownWordModel.getSignature,0,1,1
corenlp,edu.stanford.nlp.parser.lexparser.BiLexPCFGParser.parse,0,1,1
corenlp,edu.stanford.nlp.parser.lexparser.ChineseCharacterBasedLexiconTraining.main,0,1,1
corenlp,edu.stanford.nlp.parser.lexparser.ChineseLexiconAndWordSegmenter.main,0,1,1
corenlp,edu.stanford.nlp.parser.lexparser.ChineseSimWordAvgDepGrammar.probTBwithSimWords,0,1,1
corenlp,edu.stanford.nlp.parser.lexparser.ChineseTreebankParserParams.transformTree,0,1,1
corenlp,edu.stanford.nlp.parser.lexparser.ChineseTreebankParserParams.setOptionFlag,0,1,1
corenlp,edu.stanford.nlp.parser.lexparser.EnglishTreebankParserParams.transformTree,0,1,1
corenlp,edu.stanford.nlp.parser.lexparser.EnglishTreebankParserParams.setOptionFlag,0,1,1
corenlp,edu.stanford.nlp.parser.lexparser.ExhaustiveDependencyParser.parse,0,1,1
corenlp,edu.stanford.nlp.parser.lexparser.ExhaustivePCFGParser.parse,0,1,1
corenlp,edu.stanford.nlp.parser.lexparser.ExhaustivePCFGParser.doOutsideScores,0,1,1
corenlp,edu.stanford.nlp.parser.lexparser.ExhaustivePCFGParser.doInsideChartCell,0,1,1
corenlp,edu.stanford.nlp.parser.lexparser.ExhaustivePCFGParser.initializeChart,0,1,1
corenlp,edu.stanford.nlp.parser.lexparser.ExhaustivePCFGParser.extractBestParse,0,1,1
corenlp,edu.stanford.nlp.parser.lexparser.FactoredParser.main,0,1,1
corenlp,edu.stanford.nlp.parser.lexparser.FrenchTreebankParserParams.initializeAnnotationPatterns,0,1,1
corenlp,edu.stanford.nlp.parser.lexparser.GrammarCompactionTester.runTest,0,1,1
corenlp,edu.stanford.nlp.parser.lexparser.IterativeCKYPCFGParser.doInsideScoresHelper,0,1,1
corenlp,edu.stanford.nlp.parser.lexparser.LexicalizedParser.getParserFromTreebank,0,1,1
corenlp,edu.stanford.nlp.parser.lexparser.LexicalizedParser.main,0,1,1
corenlp,edu.stanford.nlp.parser.lexparser.LexicalizedParserQuery.parseInternal,0,1,1
corenlp,edu.stanford.nlp.parser.lexparser.MLEDependencyGrammar.tune,0,1,1
corenlp,edu.stanford.nlp.parser.lexparser.MLEDependencyGrammar.probTB,0,1,1
corenlp,edu.stanford.nlp.parser.lexparser.Options.setOptionFlag,0,1,1
corenlp,edu.stanford.nlp.parser.lexparser.ParentAnnotationStats.printStats,0,1,1
corenlp,edu.stanford.nlp.parser.lexparser.ParseFiles.parseFiles,0,1,1
corenlp,edu.stanford.nlp.parser.lexparser.SisterAnnotationStats.printStats,0,1,1
corenlp,edu.stanford.nlp.parser.lexparser.SplittingGrammarExtractor.mergeTransitions,0,1,1
corenlp,edu.stanford.nlp.parser.lexparser.TreeAnnotator.transformTreeHelper,0,1,1
corenlp,edu.stanford.nlp.parser.nndep.DependencyParser.setupClassifierForTraining,0,1,1
corenlp,edu.stanford.nlp.parser.shiftreduce.PerceptronModel.trainTree,0,1,1
corenlp,edu.stanford.nlp.parser.shiftreduce.PerceptronModel.trainModel,0,1,1
corenlp,edu.stanford.nlp.parser.shiftreduce.ShiftReduceOptions.setOptionFlag,0,1,1
corenlp,edu.stanford.nlp.patterns.ConstantsAndVariables.setUp,0,1,1
corenlp,edu.stanford.nlp.patterns.GetPatternsFromDataMultiClass.setUpConstructor,0,1,1
corenlp,edu.stanford.nlp.patterns.GetPatternsFromDataMultiClass.getPatterns,0,1,1
corenlp,edu.stanford.nlp.patterns.GetPatternsFromDataMultiClass.iterateExtractApply,0,1,1
corenlp,edu.stanford.nlp.patterns.GetPatternsFromDataMultiClass.processSents,0,1,1
corenlp,edu.stanford.nlp.patterns.ScorePatternsRatioModifiedFreq.convert2OneDim,0,1,1
corenlp,edu.stanford.nlp.patterns.ScorePhrases.learnNewPhrasesPrivate,0,1,1
corenlp,edu.stanford.nlp.patterns.ScorePhrasesAverageFeatures.scorePhrases,0,1,1
corenlp,edu.stanford.nlp.patterns.ScorePhrasesLearnFeatWt.choosedatums,0,1,1
corenlp,edu.stanford.nlp.pipeline.ProtobufAnnotationSerializerSlowITest.sameAsRead,0,1,1
corenlp,edu.stanford.nlp.pipeline.ChunkAnnotationUtils.fixChunkSentenceBoundaries,0,1,1
corenlp,edu.stanford.nlp.pipeline.CleanXmlAnnotator.process,0,1,1
corenlp,edu.stanford.nlp.pipeline.CoNLLUReader.convertCoNLLUSentenceToCoreMap,0,1,1
corenlp,edu.stanford.nlp.pipeline.JSONOutputter.print,0,1,1
corenlp,edu.stanford.nlp.pipeline.KBPAnnotator.annotate,0,1,1
corenlp,edu.stanford.nlp.pipeline.ProtobufAnnotationSerializer.toProtoBuilder,0,1,1
corenlp,edu.stanford.nlp.pipeline.ProtobufAnnotationSerializer.fromProto,0,1,1
corenlp,edu.stanford.nlp.pipeline.QuoteAnnotator.recursiveQuotes,0,1,1
corenlp,edu.stanford.nlp.pipeline.StanfordCoreNLP.processFiles,0,1,1
corenlp,edu.stanford.nlp.pipeline.TextOutputter.print,0,1,1
corenlp,edu.stanford.nlp.pipeline.TokensRegexNERAnnotator.readEntries,0,1,1
corenlp,edu.stanford.nlp.pipeline.WordsToSentencesAnnotator.annotate,0,1,1
corenlp,edu.stanford.nlp.pipeline.XMLOutputter.annotationToDoc,0,1,1
corenlp,edu.stanford.nlp.process.DocumentPreprocessor.main,0,1,1
corenlp,edu.stanford.nlp.process.Morpha.next,0,1,1
corenlp,edu.stanford.nlp.process.PTB2TextLexer.next,0,1,1
corenlp,edu.stanford.nlp.process.PTBLexer.PTBLexer,0,1,1
corenlp,edu.stanford.nlp.process.PTBLexer.next,0,1,1
corenlp,edu.stanford.nlp.process.Stemmer.step3,0,1,1
corenlp,edu.stanford.nlp.process.TSVSentenceIterator.toCoreMap,0,1,1
corenlp,edu.stanford.nlp.process.WordShapeClassifier.wordShapeChris1,0,1,1
corenlp,edu.stanford.nlp.process.WordToSentenceProcessor.wordsToSentences,0,1,1
corenlp,edu.stanford.nlp.scenegraph.RuleBasedParser.parse,0,1,1
corenlp,edu.stanford.nlp.scenegraph.SemanticGraphEnhancer.resolvePlurals,0,1,1
corenlp,edu.stanford.nlp.semgraph.semgrex.SemgrexParser.Relation,0,1,1
corenlp,edu.stanford.nlp.semgraph.semgrex.SemgrexParserTokenManager.jjMoveNfa_0,0,1,1
corenlp,edu.stanford.nlp.sentiment.ReadSentimentDataset.main,0,1,1
corenlp,edu.stanford.nlp.sentiment.RNNOptions.setOption,0,1,1
corenlp,edu.stanford.nlp.sentiment.SentimentPipeline.main,0,1,1
corenlp,edu.stanford.nlp.simple.SentenceAlgorithms.keyphraseSpans,0,1,1
corenlp,edu.stanford.nlp.tagger.maxent.ExtractorFrames.getExtractorFrames,0,1,1
corenlp,edu.stanford.nlp.tagger.maxent.ExtractorFramesRare.getExtractorFramesRare,0,1,1
corenlp,edu.stanford.nlp.tagger.maxent.TaggerConfig.printGenProps,0,1,1
corenlp,edu.stanford.nlp.tagger.maxent.TaggerExperiments.getFeaturesNew,0,1,1
corenlp,edu.stanford.nlp.tagger.maxent.TTags.TTags,0,1,1
corenlp,edu.stanford.nlp.time.GenericTimeExpressionPatterns.initEnv,0,1,1
corenlp,edu.stanford.nlp.time.JodaTimeUtils.timexDateValue,0,1,1
corenlp,edu.stanford.nlp.time.SUTimeMain.processTempEval2Doc,0,1,1
corenlp,edu.stanford.nlp.time.TimeFormatter.parsePatternTo,0,1,1
corenlp,edu.stanford.nlp.time.Timex.getRange,0,1,1
corenlp,edu.stanford.nlp.util.ArgumentParser.fillOptionsImpl,0,1,1
corenlp,edu.stanford.nlp.util.MetaClass.cast,0,1,1
corenlp,edu.stanford.nlp.util.XMLUtils.translate,0,1,1
corenlp,edu.stanford.nlp.coref.data.DocumentPreprocessor.processDiscourse,0,1,1
corenlp,edu.stanford.nlp.coref.data.Mention.equals,0,1,1
corenlp,edu.stanford.nlp.coref.hybrid.sieve.DeterministicCorefSieve.coreferent,0,1,1
corenlp,edu.stanford.nlp.coref.hybrid.sieve.RFSieve.extractDatum,0,1,1
corenlp,edu.stanford.nlp.coref.statistical.FeatureExtractor.getFeatures,0,1,1
corenlp,edu.stanford.nlp.coref.statistical.PairwiseModelTrainer.trainRanking,0,1,1
corenlp,edu.stanford.nlp.dcoref.sievepasses.DeterministicCorefSieve.coreferent,0,1,1
corenlp,edu.stanford.nlp.fsm.DFSAMinimizer.unweightedMinimize,0,1,1
corenlp,edu.stanford.nlp.fsm.DFSAMinimizer.unweightedMinimizeOld,0,1,1
corenlp,edu.stanford.nlp.graph.DirectedMultiGraphTest.testNeighbors,0,1,1
corenlp,edu.stanford.nlp.ie.machinereading.BasicRelationFeatureFactory.addFeatures,0,1,1
corenlp,edu.stanford.nlp.ie.machinereading.BasicRelationFeatureFactory.addDependencyPathFeatures,0,1,1
corenlp,edu.stanford.nlp.ie.machinereading.MachineReading.train,0,1,1
corenlp,edu.stanford.nlp.ie.ner.CMMClassifier.classifySeq,0,1,1
corenlp,edu.stanford.nlp.ie.regexp.NumberSequenceClassifier.classifyOld,0,1,1
corenlp,edu.stanford.nlp.international.arabic.process.ArabicLexer.setupNormalizationMap,0,1,1
corenlp,edu.stanford.nlp.international.arabic.process.ArabicLexer.next,0,1,1
corenlp,edu.stanford.nlp.international.french.process.FrenchLexer.next,0,1,1
corenlp,edu.stanford.nlp.international.french.scripts.FrenchTreebankUDUpdater.main,0,1,1
corenlp,edu.stanford.nlp.international.spanish.process.SpanishLexer.next,0,1,1
corenlp,edu.stanford.nlp.ling.tokensregex.parser.TokenSequenceParser.SeqRegexBasic,0,1,1
corenlp,edu.stanford.nlp.ling.tokensregex.parser.TokenSequenceParser.CoreMapNode,0,1,1
corenlp,edu.stanford.nlp.ling.tokensregex.parser.TokenSequenceParser.jj_rescan_token,0,1,1
corenlp,edu.stanford.nlp.ling.tokensregex.parser.TokenSequenceParserTokenManager.jjMoveNfa_0,0,1,1
corenlp,edu.stanford.nlp.loglinear.inference.CliqueTree.messagePassing,0,1,1
corenlp,edu.stanford.nlp.loglinear.inference.CliqueTreeTest.checkMarginalsAgainstBruteForce,0,1,1
corenlp,edu.stanford.nlp.loglinear.model.ConcatVector.addVectorInPlace,0,1,1
corenlp,edu.stanford.nlp.optimization.CGMinimizer.dbrent,0,1,1
corenlp,edu.stanford.nlp.optimization.QNMinimizer.minimize,0,1,1
corenlp,edu.stanford.nlp.optimization.QNMinimizer.lineSearchMinPack,0,1,1
corenlp,edu.stanford.nlp.optimization.QNMinimizer.getStep,0,1,1
corenlp,edu.stanford.nlp.optimization.SGDWithAdaGradAndFOBOS.minimize,0,1,1
corenlp,edu.stanford.nlp.optimization.StochasticMinimizer.minimize,0,1,1
corenlp,edu.stanford.nlp.parser.eval.TreebankFactoredLexiconStats.main,0,1,1
corenlp,edu.stanford.nlp.parser.metrics.EvaluateTreebank.EvaluateTreebank,0,1,1
corenlp,edu.stanford.nlp.parser.metrics.EvaluateTreebank.processResults,0,1,1
corenlp,edu.stanford.nlp.parser.metrics.EvaluateTreebank.testOnTreebank,0,1,1
corenlp,edu.stanford.nlp.parser.tools.ParseAndSetLabels.main,0,1,1
corenlp,edu.stanford.nlp.parser.ui.ParserPanel.initComponents,0,1,1
corenlp,edu.stanford.nlp.patterns.surface.SurfacePatternFactory.getContext,0,1,1
corenlp,edu.stanford.nlp.process.stattok.StatTokSentTrainer.fileToTrainSet,0,1,1
corenlp,edu.stanford.nlp.quoteattribution.Sieves.training.SupervisedSieveTraining.featurize,0,1,1
corenlp,edu.stanford.nlp.sequences.IOBUtils.entitySubclassify,0,1,1
corenlp,edu.stanford.nlp.sequences.KBestSequenceFinder.kBestSequences,0,1,1
corenlp,edu.stanford.nlp.sequences.SeqClassifierFlags.setProperties,0,1,1
corenlp,edu.stanford.nlp.stats.Counters.fromMap,0,1,1
corenlp,edu.stanford.nlp.stats.CounterTestBase.testClassicCounterHistoricalMain,0,1,1
corenlp,edu.stanford.nlp.trees.CoordinationTransformer.transformCC,0,1,1
corenlp,edu.stanford.nlp.trees.EnglishGrammaticalStructure.collapsePrepAndPoss,0,1,1
corenlp,edu.stanford.nlp.trees.EnglishGrammaticalStructure.collapse3WP,0,1,1
corenlp,edu.stanford.nlp.trees.GrammaticalStructureConversionUtils.convertTrees,0,1,1
corenlp,edu.stanford.nlp.trees.NPTmpRetainingTreeNormalizer.normalizeWholeTree,0,1,1
corenlp,edu.stanford.nlp.trees.Treebank.textualSummary,0,1,1
corenlp,edu.stanford.nlp.trees.Treebanks.main,0,1,1
corenlp,edu.stanford.nlp.trees.TreePrint.printTreeInternal,0,1,1
corenlp,edu.stanford.nlp.trees.UniversalSemanticHeadFinder.determineNonTrivialHead,0,1,1
corenlp,edu.stanford.nlp.trees.international.negra.NegraLexer.yylex,0,1,1
corenlp,edu.stanford.nlp.trees.international.pennchinese.CTBErrorCorrectingTreeNormalizer.normalizeWholeTree,0,1,1
corenlp,edu.stanford.nlp.trees.tregex.DescriptionPattern.DescriptionPattern,0,1,1
corenlp,edu.stanford.nlp.trees.tregex.TregexParser.Description,0,1,1
corenlp,edu.stanford.nlp.trees.tregex.TregexParser.Relation,0,1,1
corenlp,edu.stanford.nlp.trees.tregex.TregexParserTokenManager.jjMoveNfa_0,0,1,1
corenlp,edu.stanford.nlp.trees.tregex.TregexPattern.main,0,1,1
corenlp,edu.stanford.nlp.trees.tregex.gui.PreferencesPanel.PreferencesPanel,0,1,1
corenlp,edu.stanford.nlp.trees.tregex.tsurgeon.TsurgeonParser.Root,0,1,1
corenlp,edu.stanford.nlp.trees.tregex.tsurgeon.TsurgeonParser.Operation,0,1,1
corenlp,edu.stanford.nlp.trees.tregex.tsurgeon.TsurgeonParserTokenManager.jjMoveNfa_0,0,1,1
corenlp,edu.stanford.nlp.util.logging.OutputHandler.handle,0,1,1
corenlp,edu.stanford.nlp.util.logging.Redwood.main,0,1,1
corenlp,edu.stanford.nlp.wordseg.ChineseSegmenterFeatureFactory.featuresCpC,0,1,1
corenlp,edu.stanford.nlp.wordseg.Gale2007ChineseSegmenterFeatureFactory.featuresCpC,0,1,1
dbeaver,org.jkiss.dbeaver.tools.compare.simple.CompareObjectsExecutor.compareChildren,1,0,1
dbeaver,org.jkiss.dbeaver.tools.compare.simple.CompareReportRenderer.renderReport,1,0,1
dbeaver,org.jkiss.dbeaver.tools.compare.simple.CompareObjectsExecutor.compareProperties,1,0,1
dbeaver,org.jkiss.dbeaver.tools.compare.simple.CompareReportRenderer.renderBody,1,1,1
dbeaver,org.jkiss.dbeaver.tools.compare.simple.ui.CompareObjectsPageSettings.createControl,1,0,1
dbeaver,org.jkiss.dbeaver.tools.compare.simple.ui.CompareObjectsHandler.execute,1,0,1
dbeaver,org.jkiss.dbeaver.ui.views.BaseBrowserView.createBrowser,1,0,1
dbeaver,org.jkiss.dbeaver.tools.project.ProjectImportWizard.importDriver,1,1,1
dbeaver,org.jkiss.dbeaver.ui.e4.DBeaverStackRenderer.populateFileMenu,1,0,1
dbeaver,org.jkiss.dbeaver.tools.project.ProjectExportWizardPage.createControl,1,0,1
dbeaver,org.jkiss.dbeaver.tools.scripts.ScriptsExportWizardPage.createControl,1,0,1
dbeaver,org.jkiss.dbeaver.tools.scripts.ScriptsImportWizard.importScripts,1,0,1
dbeaver,org.jkiss.dbeaver.tools.scripts.ScriptsImportWizardPage.createControl,1,0,1
dbeaver,org.jkiss.dbeaver.ui.dialogs.connection.ConnectionPageNetwork.activatePage,1,0,1
dbeaver,org.jkiss.dbeaver.ui.dialogs.connection.ConnectionPageShellCommands.createControl,1,0,1
dbeaver,org.jkiss.dbeaver.ui.dialogs.connection.EditBootstrapQueriesDialog.createDialogArea,1,0,1
dbeaver,org.jkiss.dbeaver.ui.preferences.PrefPageProjectNetworkProfiles.createContents,1,1,1
dbeaver,org.jkiss.dbeaver.ui.actions.ModelPropertyTester.test,1,0,1
dbeaver,org.jkiss.dbeaver.ui.actions.common.AddBookmarkHandler.AddBookmarkDialog.createDialogArea,1,0,1
dbeaver,org.jkiss.dbeaver.ui.actions.datasource.DataSourceTransactionModeContributor.fillContributionItems,1,0,1
dbeaver,org.jkiss.dbeaver.ui.actions.DataSourcePropertyTester.test,1,0,1
dbeaver,org.jkiss.dbeaver.ui.dialogs.connection.ConnectionPageGeneral.createControl,1,1,1
dbeaver,org.jkiss.dbeaver.ui.controls.txn.TransactionMonitorToolbar.MonitorPanel.paint,1,0,1
dbeaver,org.jkiss.dbeaver.registry.DataSourceDescriptorManager.createNewObject,1,0,1
dbeaver,org.jkiss.dbeaver.ui.dialogs.connection.EditConnectionWizard.addPages,1,0,1
dbeaver,org.jkiss.dbeaver.tools.project.ProjectImportWizard.importChildResources,1,0,1
dbeaver,org.jkiss.dbeaver.ui.dialogs.connection.ConnectionPageNetwork.createHandlerTab,1,0,1
dbeaver,org.jkiss.dbeaver.ui.preferences.PrefPageProjectNetworkProfiles.createHandlerTab,1,0,1
dbeaver,org.jkiss.dbeaver.ui.preferences.PrefPageConnectionTypes.performOk,1,0,1
dbeaver,org.jkiss.dbeaver.tools.project.ProjectImportWizardPageFile.createControl,1,0,1
dbeaver,org.jkiss.dbeaver.ui.actions.datasource.DataSourceAutoCommitHandler.updateElement,1,0,1
dbeaver,org.jkiss.dbeaver.ui.actions.common.NavigateBookmarkHandler.execute,1,0,1
dbeaver,org.jkiss.dbeaver.data.console.ConsoleTextPresentation.scrollToRow,1,0,1
dbeaver,org.jkiss.dbeaver.data.console.ConsoleTextPresentation.printGrid,1,1,1
dbeaver,org.jkiss.dbeaver.data.console.ConsoleTextPresentation.printRecord,1,0,1
dbeaver,org.jkiss.dbeaver.data.console.ConsoleTextPresentation.onCursorChange,1,0,1
dbeaver,org.jkiss.dbeaver.data.gis.handlers.GISGeometryValueHandler.getValueFromObject,1,0,1
dbeaver,org.jkiss.dbeaver.data.office.export.DataExporterXLSX.printHeader,1,0,1
dbeaver,org.jkiss.dbeaver.data.office.export.DataExporterXLSX.init,1,1,1
dbeaver,org.jkiss.dbeaver.tools.transfer.stream.importer.DataImporterCSV.readColumnsInfo,1,0,1
dbeaver,org.jkiss.dbeaver.tools.transfer.database.DatabaseConsumerSettings.loadSettings,1,0,1
dbeaver,org.jkiss.dbeaver.tools.transfer.database.DatabaseTransferProducer.ObjectSerializer.serializeObject,1,0,1
dbeaver,org.jkiss.dbeaver.tools.transfer.DataTransferSettings.loadSettings,1,1,1
dbeaver,org.jkiss.dbeaver.tools.transfer.stream.importer.DataImporterCSV.runImport,1,0,1
dbeaver,org.jkiss.dbeaver.tools.transfer.stream.exporter.DataExporterCSV.exportRow,1,0,1
dbeaver,org.jkiss.dbeaver.tools.transfer.stream.exporter.DataExporterSQL.exportRow,1,1,1
dbeaver,org.jkiss.dbeaver.tools.transfer.database.DatabaseTransferUtils.generateTargetTableDDL,1,0,1
dbeaver,org.jkiss.dbeaver.tools.transfer.database.DatabaseMappingAttribute.updateMappingType,1,0,1
dbeaver,org.jkiss.dbeaver.tools.transfer.database.DatabaseTransferConsumer.fetchStart,1,1,1
dbeaver,org.jkiss.dbeaver.tools.transfer.stream.exporter.DataExporterDbUnit.exportRow,1,0,1
dbeaver,org.jkiss.dbeaver.tools.transfer.stream.exporter.DataExporterJSON.exportRow,1,0,1
dbeaver,org.jkiss.dbeaver.tools.transfer.stream.exporter.DataExporterSourceCode.exportRow,1,0,1
dbeaver,org.jkiss.dbeaver.tools.transfer.database.DatabaseTransferUtils.generateStructTableDDL,1,1,1
dbeaver,org.jkiss.dbeaver.tools.transfer.database.DatabaseTransferConsumer.createTargetDatabaseObjects,1,0,1
dbeaver,org.jkiss.dbeaver.tools.transfer.stream.StreamTransferConsumer.fetchRow,1,0,1
dbeaver,org.jkiss.dbeaver.tools.transfer.ui.pages.database.PreviewMappingDialog.loadImportPreview,1,0,1
dbeaver,org.jkiss.dbeaver.tools.transfer.ui.wizard.DataTransferPageFinal.activatePage,1,0,1
dbeaver,org.jkiss.dbeaver.tools.transfer.ui.pages.database.ColumnsMappingDialog.createDialogArea,1,1,1
dbeaver,org.jkiss.dbeaver.tasks.ui.sql.script.SQLScriptTaskPageSettings.createControl,1,1,1
dbeaver,org.jkiss.dbeaver.tasks.ui.sql.script.SQLScriptTaskScriptSelectorDialog.createDialogArea,1,0,1
dbeaver,org.jkiss.dbeaver.tools.transfer.ui.pages.stream.StreamConsumerPageSettings.ConfigureColumnsPopup.createDialogArea,1,0,1
dbeaver,org.jkiss.dbeaver.tools.transfer.ui.pages.database.DatabaseConsumerPageLoadSettings.loadInsertMethods,1,0,1
dbeaver,org.jkiss.dbeaver.tools.transfer.ui.pages.database.DatabaseConsumerPageMapping.showDDL,1,0,1
dbeaver,org.jkiss.dbeaver.erd.model.ERDContentProviderDefault.fillEntityFromObject,1,0,1
dbeaver,org.jkiss.dbeaver.erd.ui.export.ERDExportRasterImage.exportDiagram,1,0,1
dbeaver,org.jkiss.dbeaver.erd.ui.model.DiagramLoader.loadDiagram,1,1,1
dbeaver,org.jkiss.dbeaver.erd.ui.command.EntityAddCommand.execute,1,0,1
dbeaver,org.jkiss.dbeaver.erd.ui.layout.algorithm.direct.StandaloneNodeConnector.setDummyEdges,1,0,1
dbeaver,org.jkiss.dbeaver.erd.ui.editor.ERDEditorPart.fillAttributeVisibilityMenu,1,0,1
dbeaver,org.jkiss.dbeaver.erd.ui.editor.ERDEditorPart.ProgressControl.LoadVisualizer.completeLoading,1,0,1
dbeaver,org.jkiss.dbeaver.erd.ui.layout.GraphAnimation.recordFinalState,1,0,1
dbeaver,org.jkiss.dbeaver.erd.ui.model.DiagramLoader.serializeDiagram,1,1,1
dbeaver,org.jkiss.dbeaver.erd.ui.editor.ERDEditorPart.saveDiagramAs,1,0,1
dbeaver,org.jkiss.dbeaver.ext.db2.editors.DB2StructureAssistant.searchColumns,1,0,1
dbeaver,org.jkiss.dbeaver.ext.db2.editors.DB2StructureAssistant.searchTables,1,0,1
dbeaver,org.jkiss.dbeaver.ext.db2.DB2Utils.generateDDLforTable,1,0,1
dbeaver,org.jkiss.dbeaver.ext.db2.ui.views.DB2ConnectionTracePage.createControl,1,0,1
dbeaver,org.jkiss.dbeaver.ext.exasol.model.ExasolDataSource.getConnectionURL,1,0,1
dbeaver,org.jkiss.dbeaver.ext.exasol.model.ExasolStructureAssistant.findTableObjectByName,1,0,1
dbeaver,org.jkiss.dbeaver.ext.exasol.model.ExasolDataSource.initialize,1,0,1
dbeaver,org.jkiss.dbeaver.ext.exasol.model.ExasolStructureAssistant.findConstraintsByMask,1,0,1
dbeaver,org.jkiss.dbeaver.ext.exasol.sql.ExasolSquareBracketsRule.evaluate,1,0,1
dbeaver,org.jkiss.dbeaver.ext.exasol.ui.config.ExasolConsumerGroupDialog.createDialogArea,1,0,1
dbeaver,org.jkiss.dbeaver.ext.exasol.ui.config.ExasolPriorityGroupDialog.createDialogArea,1,0,1
dbeaver,org.jkiss.dbeaver.ext.firebird.model.FireBirdProcedure.loadProcedureColumns,1,0,1
dbeaver,org.jkiss.dbeaver.ext.firebird.model.FireBirdMetaModel.createTableImpl,1,0,1
dbeaver,org.jkiss.dbeaver.ext.firebird.model.FireBirdDataTypeCache.loadObjects,1,0,1
dbeaver,org.jkiss.dbeaver.ext.generic.model.meta.GenericMetaModel.loadProcedures,1,1,1
dbeaver,org.jkiss.dbeaver.ext.generic.model.meta.GenericMetaModel.loadSchemas,1,1,1
dbeaver,org.jkiss.dbeaver.ext.generic.model.ForeignKeysCache.fetchObject,1,1,1
dbeaver,org.jkiss.dbeaver.ext.generic.model.GenericDataSource.initialize,1,1,1
dbeaver,org.jkiss.dbeaver.ext.generic.model.GenericProcedure.loadProcedureColumns,1,0,1
dbeaver,org.jkiss.dbeaver.ext.generic.model.GenericExecutionContext.setDefaultCatalog,1,0,1
dbeaver,org.jkiss.dbeaver.ext.generic.model.TableCache.fetchChild,1,0,1
dbeaver,org.jkiss.dbeaver.ext.generic.model.GenericExecutionContext.initDefaultsFrom,1,0,1
dbeaver,org.jkiss.dbeaver.ext.hana.model.HANAStructureAssistant.findProceduresByMask,1,0,1
dbeaver,org.jkiss.dbeaver.ext.hana.model.HANAStructureAssistant.findTableColumnsByMask,1,0,1
dbeaver,org.jkiss.dbeaver.ext.hana.model.HANAStructureAssistant.findTablesByMask,1,0,1
dbeaver,org.jkiss.dbeaver.ext.hana.model.HANAStructureAssistant.findViewColumnsByMask,1,0,1
dbeaver,org.jkiss.dbeaver.ext.hana.model.HANAStructureAssistant.findViewsByMask,1,0,1
dbeaver,org.jkiss.dbeaver.ext.hana.model.plan.HANAPlanAnalyser.explain,1,0,1
dbeaver,org.jkiss.dbeaver.ext.import_config.wizards.squirrel.ConfigImportWizardPageSquirrel.loadConnections,1,0,1
dbeaver,org.jkiss.dbeaver.ext.import_config.wizards.dbvis.ConfigImportWizardPageDbvis.loadConnections,1,0,1
dbeaver,org.jkiss.dbeaver.ext.kognitio.model.KognitioMetaModel.getObjectDDL,1,0,1
dbeaver,org.jkiss.dbeaver.ext.mssql.edit.SQLServerIndexManager.addObjectCreateActions,1,0,1
dbeaver,org.jkiss.dbeaver.ext.mssql.model.generic.SQLServerMetaModel.loadSchemas,1,0,1
dbeaver,org.jkiss.dbeaver.ext.mssql.ui.SQLServerConnectionPage.loadSettings,1,0,1
dbeaver,org.jkiss.dbeaver.ext.mysql.model.MySQLView.loadAdditionalInfo,1,0,1
dbeaver,org.jkiss.dbeaver.ext.mysql.model.MySQLTableColumn.loadInfo,1,0,1
dbeaver,org.jkiss.dbeaver.ext.mysql.model.MySQLTable.loadForeignKeys,1,1,1
dbeaver,org.jkiss.dbeaver.ext.mysql.model.MySQLDataSource.initSSL,1,0,1
dbeaver,org.jkiss.dbeaver.ext.mysql.model.MySQLUser.getGrants,1,0,1
dbeaver,org.jkiss.dbeaver.ext.mysql.model.MySQLCatalog.ProceduresCache.fetchChild,1,0,1
dbeaver,org.jkiss.dbeaver.ext.mysql.ui.editors.MySQLUserEditorGeneral.createPartControl,1,0,1
dbeaver,org.jkiss.dbeaver.ext.mysql.tools.MySQLExportWizardPageObjects.loadSettings,1,0,1
dbeaver,org.jkiss.dbeaver.ext.oracle.model.OracleDataSource.getErrorPosition,1,0,1
dbeaver,org.jkiss.dbeaver.ext.oracle.model.OracleUtils.getSource,1,0,1
dbeaver,org.jkiss.dbeaver.ext.oracle.oci.OCIUtils.parseTnsNames,1,0,1
dbeaver,org.jkiss.dbeaver.ext.oracle.sql.OracleDialectRules.QStringRule.doEvaluate,1,0,1
dbeaver,org.jkiss.dbeaver.ext.oracle.data.OracleContentBFILE.getContents,1,0,1
dbeaver,org.jkiss.dbeaver.ext.oracle.model.OracleStructureAssistant.searchAllObjects,1,0,1
dbeaver,org.jkiss.dbeaver.ext.oracle.OracleDataSourceProvider.getConnectionURL,1,0,1
dbeaver,org.jkiss.dbeaver.ext.oracle.model.OracleView.loadAdditionalInfo,1,0,1
dbeaver,org.jkiss.dbeaver.ext.oracle.ui.views.OracleConnectionExtraPage.createControl,1,0,1
dbeaver,org.jkiss.dbeaver.ext.oracle.ui.actions.CompileHandler.execute,1,0,1
dbeaver,org.jkiss.dbeaver.ext.oracle.ui.actions.JobRunHandler.execute,1,0,1
dbeaver,org.jkiss.dbeaver.ext.postgresql.model.PostgreDataType.readDataType,1,1,1
dbeaver,org.jkiss.dbeaver.ext.postgresql.model.PostgreProcedure.loadInfo,1,1,1
dbeaver,org.jkiss.dbeaver.ext.postgresql.tasks.PostgreDatabaseBackupSettings.fillExportObjectsFromInput,1,0,1
dbeaver,org.jkiss.dbeaver.ext.postgresql.PostgreUtils.extractPermissionsFromACL,1,0,1
dbeaver,org.jkiss.dbeaver.ext.postgresql.model.AuthModelPgPass.loadPasswordFromPgPass,1,0,1
dbeaver,org.jkiss.dbeaver.ext.postgresql.model.impls.redshift.RedshiftView.readLateBindingColumns,1,0,1
dbeaver,org.jkiss.dbeaver.ext.postgresql.model.PostgreDatabase.getDataType,1,0,1
dbeaver,org.jkiss.dbeaver.ext.postgresql.PostgreValueParser.parseArrayString,1,0,1
dbeaver,org.jkiss.dbeaver.ext.postgresql.model.PostgreRole.getPrivileges,1,0,1
dbeaver,org.jkiss.dbeaver.ext.postgresql.edit.PostgreTableManagerBase.addObjectExtraActions,1,0,1
dbeaver,org.jkiss.dbeaver.ext.postgresql.model.PostgreAttribute.loadInfo,1,0,1
dbeaver,org.jkiss.dbeaver.ext.postgresql.edit.PostgreCommandGrantPrivilege.getPersistActions,1,0,1
dbeaver,org.jkiss.dbeaver.ext.postgresql.model.data.PostgreArrayValueHandler.convertArrayToString,1,0,1
dbeaver,org.jkiss.dbeaver.ext.postgresql.model.PostgreStructureAssistant.findObjectsByMask,1,0,1
dbeaver,org.jkiss.dbeaver.ext.postgresql.model.impls.PostgreServerExtensionBase.getTableModifiers,1,0,1
dbeaver,org.jkiss.dbeaver.ext.postgresql.model.plan.PostgreExecutionPlan.parsePlanText,1,0,1
dbeaver,org.jkiss.dbeaver.ext.postgresql.model.PostgreGenericTypeCache.fetchObject,1,1,1
dbeaver,org.jkiss.dbeaver.ext.postgresql.sql.PostgreDollarQuoteRule.evaluate,1,0,1
dbeaver,org.jkiss.dbeaver.ext.postgresql.ui.PostgreCreateExtensionDialog.createDialogArea,1,1,1
dbeaver,org.jkiss.dbeaver.ext.postgresql.ui.PostgreCreateTablespaceDialog.createDialogArea,1,0,1
dbeaver,org.jkiss.dbeaver.ext.postgresql.tools.fdw.PostgreFDWConfigWizardPageConfig.loadSettings,1,1,1
dbeaver,org.jkiss.dbeaver.ext.postgresql.ui.PrefPagePostgreSQL.createContents,1,0,1
dbeaver,org.jkiss.dbeaver.ext.postgresql.ui.editors.PostgresRolePrivilegesEditor.updateCurrentPrivileges,1,0,1
dbeaver,org.jkiss.dbeaver.ext.postgresql.tools.PostgreToolWizardPageSettings.createSecurityGroup,1,0,1
dbeaver,org.jkiss.dbeaver.ext.postgresql.ui.editors.PostgresRolePrivilegesEditor.updateObjectPermissions,1,0,1
dbeaver,org.jkiss.dbeaver.ext.postgresql.tools.PostgreBackupWizardPageObjects.loadSettings,1,0,1
dbeaver,org.jkiss.dbeaver.ext.snowflake.model.SnowflakeExecutionContext.refreshDefaults,1,0,1
dbeaver,org.jkiss.dbeaver.ext.ui.svg.GraphicsToGraphics2DAdaptor.createStroke,1,0,1
dbeaver,org.jkiss.dbeaver.ext.ui.svg.ERDExportSVG.paintDiagram,1,0,1
dbeaver,org.jkiss.dbeaver.ext.ui.svg.GraphicsToGraphics2DAdaptor.createPathAWT,1,0,1
dbeaver,org.jkiss.dbeaver.ext.ui.svg.GraphicsToGraphics2DAdaptor.drawString,1,0,1
dbeaver,org.jkiss.dbeaver.ext.ui.tipoftheday.ShowTipOfTheDayDialog.createDialogArea,1,0,1
dbeaver,org.jkiss.dbeaver.ext.vertica.model.VerticaDataSource.resolveDataKind,1,0,1
dbeaver,org.jkiss.dbeaver.ext.wmi.model.WMINamespace.loadClasses,1,0,1
dbeaver,org.jkiss.dbeaver.ext.wmi.model.WMIClass.readAttributes,1,0,1
dbeaver,org.jkiss.dbeaver.model.DBUtils.getObjectByPath,1,0,1
dbeaver,org.jkiss.dbeaver.model.DBUtils.getBestTableIdentifier,1,0,1
dbeaver,org.jkiss.dbeaver.model.DBValueFormatting.getDefaultValueDisplayString,1,0,1
dbeaver,org.jkiss.dbeaver.model.DBUtils.makeLeafAttributeBindings,1,0,1
dbeaver,org.jkiss.dbeaver.model.DBUtils.makeStatement,1,0,1
dbeaver,org.jkiss.dbeaver.runtime.WebUtils.downloadRemoteFile,1,0,1
dbeaver,org.jkiss.dbeaver.model.sql.parser.SQLScriptParser.extractQueryAtPos,1,1,1
dbeaver,org.jkiss.dbeaver.model.sql.completion.SQLCompletionAnalyzer.getTableFromAlias,1,0,1
dbeaver,org.jkiss.dbeaver.model.sql.completion.SQLCompletionProposalBase.setPosition,1,0,1
dbeaver,org.jkiss.dbeaver.model.sql.format.tokenized.IndentFormatter.insertReturnAndIndent,1,0,1
dbeaver,org.jkiss.dbeaver.model.sql.format.tokenized.SQLTokensParser.nextToken,1,1,1
dbeaver,org.jkiss.dbeaver.model.sql.completion.SQLCompletionAnalyzer.makeProposalsFromAttributeValues,1,0,1
dbeaver,org.jkiss.dbeaver.model.sql.parser.SQLScriptParser.parseQuery,1,1,1
dbeaver,org.jkiss.dbeaver.model.sql.completion.SQLCompletionAnalyzer.makeDataSourceProposals,1,0,1
dbeaver,org.jkiss.dbeaver.model.sql.completion.SQLCompletionAnalyzer.makeProposalsFromObject,1,0,1
dbeaver,org.jkiss.dbeaver.model.sql.completion.SQLCompletionAnalyzer.runAnalyzer,1,1,1
dbeaver,org.jkiss.dbeaver.model.sql.completion.SQLCompletionAnalyzer.makeProposalsFromChildren,1,1,1
dbeaver,org.jkiss.dbeaver.model.sql.parser.SQLScriptParser.extractNextQuery,1,0,1
dbeaver,org.jkiss.dbeaver.model.sql.parser.rules.SQLDelimiterSetRule.evaluate,1,0,1
dbeaver,org.jkiss.dbeaver.model.sql.format.tokenized.IndentFormatter.formatSymbol,1,0,1
dbeaver,org.jkiss.dbeaver.model.text.parser.rules.PatternRule.endSequenceDetected,1,0,1
dbeaver,org.jkiss.dbeaver.model.sql.data.SQLQueryDataContainer.readData,1,0,1
dbeaver,org.jkiss.dbeaver.model.text.TextUtils.fuzzyScore,1,0,1
dbeaver,org.jkiss.dbeaver.model.sql.parser.SQLRuleManager.loadRules,1,1,1
dbeaver,org.jkiss.dbeaver.model.sql.parser.SQLScriptParser.parseParameters,1,1,1
dbeaver,org.jkiss.dbeaver.model.sql.exec.SQLScriptProcessor.executeSingleQuery,1,0,1
dbeaver,org.jkiss.dbeaver.model.sql.format.external.SQLFormatterExternal.FormatJob.run,1,0,1
dbeaver,org.jkiss.dbeaver.model.sql.generator.SQLGeneratorJoin.run,1,0,1
dbeaver,org.jkiss.dbeaver.model.net.ssh.SSHImplementationAbstract.initTunnel,1,0,1
dbeaver,org.jkiss.dbeaver.model.net.ssh.SSHImplementationJsch.setupTunnel,1,0,1
dbeaver,org.jkiss.dbeaver.registry.ProjectMetadata.loadMetadata,1,0,1
dbeaver,org.jkiss.dbeaver.registry.DataSourceRegistry.saveDataSources,1,0,1
dbeaver,org.jkiss.dbeaver.registry.driver.DriverDescriptor.validateFilesPresence,1,0,1
dbeaver,org.jkiss.dbeaver.registry.DataSourceDescriptor.connect,1,1,1
dbeaver,org.jkiss.dbeaver.registry.DataSourceSerializerModern.parseDataSources,1,1,1
dbeaver,org.jkiss.dbeaver.registry.driver.DriverDescriptorSerializerLegacy.DriversParser.saxStartElement,1,0,1
dbeaver,org.jkiss.dbeaver.registry.DataSourceSerializerModern.readSecuredCredentials,1,0,1
dbeaver,org.jkiss.dbeaver.registry.maven.versioning.VersionRange.createFromVersionSpec,1,0,1
dbeaver,org.jkiss.dbeaver.registry.task.TaskRunJob.run,1,0,1
dbeaver,org.jkiss.dbeaver.registry.DataSourceProviderRegistry.loadExtensions,1,1,1
dbeaver,org.jkiss.dbeaver.registry.maven.MavenArtifactVersion.parseDependencies,1,0,1
dbeaver,org.jkiss.dbeaver.registry.maven.MavenArtifactVersion.loadPOM,1,0,1
dbeaver,org.jkiss.dbeaver.registry.NativeClientDistributionDescriptor.downloadFiles,1,0,1
dbeaver,org.jkiss.dbeaver.registry.maven.versioning.VersionRange.intersection,1,1,1
dbeaver,org.jkiss.dbeaver.registry.DataSourceUtils.getDataSourceBySpec,1,1,1
dbeaver,org.jkiss.dbeaver.registry.DataSourceDescriptor.askForPassword,1,0,1
dbeaver,org.jkiss.dbeaver.registry.maven.versioning.DefaultArtifactVersion.parseVersion,1,0,1
dbeaver,org.jkiss.dbeaver.registry.DataSourceSerializerModern.saveDataSources,1,1,1
dbeaver,org.jkiss.dbeaver.registry.DataSourceProviderDescriptor.loadTreeNode,1,0,1
dbeaver,org.jkiss.dbeaver.registry.DataSourceRegistry.loadDataSources,1,0,1
dbeaver,org.jkiss.dbeaver.tasks.nativetool.AbstractNativeToolHandler.LogReaderJob.run,1,0,1
dbeaver,org.jkiss.dbeaver.tasks.ui.sql.SQLToolTaskWizardPageSettings.createControl,1,1,1
dbeaver,org.jkiss.dbeaver.tasks.ui.wizard.EditTaskVariablesDialog.createDialogArea,1,0,1
dbeaver,org.jkiss.dbeaver.tasks.ui.wizard.TaskConfigurationWizardPageTask.createControl,1,1,1
dbeaver,org.jkiss.dbeaver.tasks.ui.DataSourceToolsContributor.fillContributionItems,1,0,1
dbeaver,org.jkiss.dbeaver.ui.ActionUtils.findCommandDescription,1,0,1
dbeaver,org.jkiss.dbeaver.ui.controls.folders.TabbedFolderComposite.setFolders,1,0,1
dbeaver,org.jkiss.dbeaver.ui.controls.CSmartCombo.createPopup,1,0,1
dbeaver,org.jkiss.dbeaver.ui.DBeaverIcons.getCompositeIcon,1,0,1
dbeaver,org.jkiss.dbeaver.ui.controls.CSmartCombo.listEvent,1,1,1
dbeaver,org.jkiss.dbeaver.ui.controls.CSmartCombo.textEvent,1,1,1
dbeaver,org.jkiss.dbeaver.ui.ActionUtils.runCommand,1,0,1
dbeaver,org.jkiss.dbeaver.ui.UIUtils.packColumns,1,0,1
dbeaver,org.jkiss.dbeaver.ui.controls.VerticalButton.paint,1,0,1
dbeaver,org.jkiss.dbeaver.ui.controls.ObjectViewerRenderer.paintCell,1,0,1
dbeaver,org.jkiss.dbeaver.ui.dialogs.MultiPageWizardDialog.createDialogArea,1,0,1
dbeaver,org.jkiss.dbeaver.ui.controls.CustomFormEditor.createEditorControl,1,0,1
dbeaver,org.jkiss.dbeaver.ui.properties.PropertyEditorUtils.createCellEditor,1,0,1
dbeaver,org.jkiss.dbeaver.ui.controls.CustomFormEditor.setEditorValue,1,0,1
dbeaver,org.jkiss.dbeaver.ui.properties.PropertyTreeViewer.loadTreeNodes,1,0,1
dbeaver,org.jkiss.dbeaver.ui.TrayIconHandler.show,1,0,1
dbeaver,org.jkiss.dbeaver.ui.controls.CustomTableEditor.keyTraversed,1,0,1
dbeaver,org.jkiss.dbeaver.ui.controls.CustomTreeEditor.keyTraversed,1,0,1
dbeaver,org.jkiss.dbeaver.ui.controls.StringEditorTable.createEditableList,1,0,1
dbeaver,org.jkiss.dbeaver.ui.controls.TabFolderReorder.swapTabs,1,0,1
dbeaver,org.jkiss.dbeaver.ui.notifications.NotificationPopup.createContentArea,1,0,1
dbeaver,org.jkiss.dbeaver.ui.controls.finder.AdvancedList.navigateByKey,1,0,1
dbeaver,org.jkiss.dbeaver.ui.controls.CustomFormEditor.createPropertyEditor,1,0,1
dbeaver,org.jkiss.dbeaver.ui.properties.PropertyTreeViewer.PropsLabelProvider.wrap,1,0,1
dbeaver,org.jkiss.dbeaver.ui.properties.PropertyTreeViewer.showEditor,1,0,1
dbeaver,org.jkiss.dbeaver.ui.ImageUtils.removeImageBorder,1,0,1
dbeaver,org.jkiss.dbeaver.ui.properties.PropertyTreeViewer.registerEditor,1,0,1
dbeaver,org.jkiss.dbeaver.ui.controls.CSmartCombo.dropDown,1,0,1
dbeaver,org.jkiss.dbeaver.ui.controls.CustomSashForm.recomputeSashInfo,1,1,1
dbeaver,org.jkiss.dbeaver.ui.dialogs.MultiPageWizardDialog.changePage,1,0,1
dbeaver,org.jkiss.dbeaver.ui.controls.CustomSashForm.drawArrow,1,0,1
dbeaver,org.jkiss.dbeaver.ui.controls.CustomSashForm.getNewSashArray,1,0,1
dbeaver,org.jkiss.dbeaver.ui.app.standalone.DBeaverApplication.setDefaultWorkspacePath,1,0,1
dbeaver,org.jkiss.dbeaver.ui.app.standalone.DBeaverSettingsImporter.copyWorkspaceFiles,1,1,1
dbeaver,org.jkiss.dbeaver.ui.app.standalone.DBeaverSettingsImporter.migrateFromPreviousVersion,1,0,1
dbeaver,org.jkiss.dbeaver.ui.app.standalone.DBeaverSplashHandler.initVisualization,1,0,1
dbeaver,org.jkiss.dbeaver.ui.app.standalone.update.VersionUpdateDialog.createDialogArea,1,0,1
dbeaver,org.jkiss.dbeaver.ui.app.standalone.about.AboutBoxDialog.createDialogArea,1,1,1
dbeaver,org.jkiss.dbeaver.ui.app.standalone.update.DBeaverVersionChecker.run,1,0,1
dbeaver,org.jkiss.dbeaver.ui.dashboard.view.DashboardUpdater.fetchDashboardMapData,1,0,1
dbeaver,org.jkiss.dbeaver.ui.dashboard.histogram.DashboardRendererTimeseries.createDashboard,1,0,1
dbeaver,org.jkiss.dbeaver.ui.dashboard.histogram.DashboardRendererTimeseries.updateDashboardData,1,0,1
dbeaver,org.jkiss.dbeaver.ui.dashboard.view.DashboardAddDialog.createDialogArea,1,0,1
dbeaver,org.jkiss.dbeaver.ui.dashboard.view.DashboardDatabaseSelectDialog.createDialogArea,1,0,1
dbeaver,org.jkiss.dbeaver.ui.dashboard.view.DashboardEditDialog.createDialogArea,1,1,1
dbeaver,org.jkiss.dbeaver.ui.dashboard.view.DashboardItemConfigDialog.createDialogArea,1,0,1
dbeaver,org.jkiss.dbeaver.ui.dashboard.view.DashboardManagerDialog.createDialogArea,1,1,1
dbeaver,org.jkiss.dbeaver.ui.dashboard.view.DashboardUpdater.updateDashboard,1,0,1
dbeaver,org.jkiss.dbeaver.ui.dashboard.view.DashboardUpdater.updateDashboards,1,0,1
dbeaver,org.jkiss.dbeaver.ui.dashboard.control.DashboardItem.createChartRenderer,1,0,1
dbeaver,org.jkiss.dbeaver.ui.editors.object.struct.EditForeignKeyPage.createPageContents,1,1,1
dbeaver,org.jkiss.dbeaver.ui.editors.text.handlers.ToggleMultiLineCommentHandler.processAction,1,0,1
dbeaver,org.jkiss.dbeaver.ui.editors.text.handlers.ToggleSingleLineCommentHandler.processAction,1,0,1
dbeaver,org.jkiss.dbeaver.ui.editors.object.struct.EditForeignKeyPage.createContainerSelector,1,0,1
dbeaver,org.jkiss.dbeaver.ui.editors.object.struct.EditConstraintPage.createContentsBeforeColumns,1,0,1
dbeaver,org.jkiss.dbeaver.ui.editors.text.handlers.MorphDelimitedListHandler.morphText,1,0,1
dbeaver,org.jkiss.dbeaver.ui.editors.object.struct.EditForeignKeyPage.ColumnsMouseListener.handleColumnClick,1,0,1
dbeaver,org.jkiss.dbeaver.ui.editors.text.FileRefDocumentProvider.FileSynchronizer.visit,1,0,1
dbeaver,org.jkiss.dbeaver.ui.editors.object.struct.EditForeignKeyPage.createSchemaSelector,1,0,1
dbeaver,org.jkiss.dbeaver.ui.editors.text.FileRefDocumentProvider.doSaveDocument,1,0,1
dbeaver,org.jkiss.dbeaver.ui.editors.text.FileRefDocumentProvider.handleElementContentChanged,1,0,1
dbeaver,org.jkiss.dbeaver.ui.editors.object.struct.EditForeignKeyPage.handleUniqueKeySelect,1,0,1
dbeaver,org.jkiss.dbeaver.ui.dialogs.driver.DriverManagerDialog.createDialogArea,1,1,1
dbeaver,org.jkiss.dbeaver.ui.dialogs.driver.DriverDependenciesTree.resolveLibraries,1,0,1
dbeaver,org.jkiss.dbeaver.ui.dialogs.connection.AuthModelSelector.showAuthModelSettings,1,0,1
dbeaver,org.jkiss.dbeaver.ui.dialogs.connection.DriverPropertiesDialogPage.createControl,1,0,1
dbeaver,org.jkiss.dbeaver.ui.dialogs.driver.DriverDependenciesTree.showVersionEditor,1,0,1
dbeaver,org.jkiss.dbeaver.ui.dialogs.driver.DriverDownloadAutoPage.downloadLibraryFiles,1,0,1
dbeaver,org.jkiss.dbeaver.ui.dialogs.driver.DriverDownloadAutoPage.createControl,1,0,1
dbeaver,org.jkiss.dbeaver.ui.editors.content.ContentEditor.LOBInitializer.run,1,0,1
dbeaver,org.jkiss.dbeaver.ui.editors.binary.pref.HexPreferencesManager.populateFixedCharWidthFontsAsync,1,0,1
dbeaver,org.jkiss.dbeaver.ui.editors.binary.HexEditControl.initialize,1,1,1
dbeaver,org.jkiss.dbeaver.ui.editors.binary.dialogs.FindReplaceDialog.createFindReplaceButtonsComposite,1,0,1
dbeaver,org.jkiss.dbeaver.ui.editors.binary.dialogs.GoToDialog.createButtonsPanel,1,0,1
dbeaver,org.jkiss.dbeaver.ui.editors.binary.BinaryContent.deleteInternal,1,0,1
dbeaver,org.jkiss.dbeaver.ui.editors.binary.BinaryEditor.createPartControl,1,0,1
dbeaver,org.jkiss.dbeaver.ui.editors.binary.dialogs.FindReplaceDialog.createSShell,1,1,1
dbeaver,org.jkiss.dbeaver.ui.editors.binary.BinaryClipboard.tryGettingFileByteArray,1,0,1
dbeaver,org.jkiss.dbeaver.ui.editors.binary.BinaryContent.get,1,0,1
dbeaver,org.jkiss.dbeaver.ui.editors.binary.HexStatusLine.initialize,1,0,1
dbeaver,org.jkiss.dbeaver.ui.editors.binary.dialogs.FindReplaceDialog.open,1,0,1
dbeaver,org.jkiss.dbeaver.ui.editors.binary.HexEditControl.redrawTextAreas,1,0,1
dbeaver,org.jkiss.dbeaver.ui.editors.binary.dialogs.FindReplaceDialog.activateProgressBar,1,0,1
dbeaver,org.jkiss.dbeaver.ui.editors.binary.HexEditControl.ControlKeyAdapter.keyPressed,1,0,1
dbeaver,org.jkiss.dbeaver.ui.controls.imageview.ImageViewCanvas.syncScrollBars,1,0,1
dbeaver,org.jkiss.dbeaver.ui.editors.sql.syntax.SQLReconcilingStrategy.reconcile,1,0,1
dbeaver,org.jkiss.dbeaver.ui.editors.sql.SQLOccurrencesHighlighter.updateOccurrenceAnnotations,1,0,1
dbeaver,org.jkiss.dbeaver.ui.editors.sql.commands.SQLCommandInclude.handleCommand,1,0,1
dbeaver,org.jkiss.dbeaver.ui.editors.sql.convert.impl.UnformattedSQLConverter.convertText,1,0,1
dbeaver,org.jkiss.dbeaver.ui.editors.sql.templates.SQLContext.formatTemplate,1,0,1
dbeaver,org.jkiss.dbeaver.ui.editors.sql.dialogs.BaseSQLDialog.createSQLPanel,1,0,1
dbeaver,org.jkiss.dbeaver.ui.editors.sql.execute.SQLQueryJob.executeSingleQuery,1,1,1
dbeaver,org.jkiss.dbeaver.ui.editors.sql.syntax.SQLContextInformer.searchInformation,1,0,1
dbeaver,org.jkiss.dbeaver.ui.editors.sql.SQLEditor.getPlanView,1,0,1
dbeaver,org.jkiss.dbeaver.ui.controls.ScriptSelectorPanel.createDialogArea,1,1,1
dbeaver,org.jkiss.dbeaver.ui.editors.sql.util.SQLSymbolInserter.verifyKey,1,1,1
dbeaver,org.jkiss.dbeaver.ui.editors.sql.handlers.SQLEditorHandlerRenameFile.renameFile,1,0,1
dbeaver,org.jkiss.dbeaver.ui.editors.sql.SQLEditorParametersProvider.prepareStatementParameters,1,0,1
dbeaver,org.jkiss.dbeaver.ui.editors.sql.indent.SQLAutoIndentStrategy.transformSourceCode,1,1,1
dbeaver,org.jkiss.dbeaver.ui.editors.sql.SQLEditor.QueryProcessor.processQueries,1,0,1
dbeaver,org.jkiss.dbeaver.ui.editors.sql.SQLEditor.QueryResultsContainer.readData,1,0,1
dbeaver,org.jkiss.dbeaver.ui.editors.sql.SQLEditor.processQueries,1,1,1
dbeaver,org.jkiss.dbeaver.ui.editors.sql.SQLEditor.showExtraPresentation,1,0,1
dbeaver,org.jkiss.dbeaver.ui.editors.sql.dialogs.ProcedureParameterBindDialog.createDialogArea,1,0,1
dbeaver,org.jkiss.dbeaver.ui.editors.sql.dialogs.SQLQueryParameterBindDialog.createDialogArea,1,0,1
dbeaver,org.jkiss.dbeaver.ui.editors.sql.syntax.SQLCompletionProcessor.computeCompletionProposals,1,0,1
dbeaver,org.jkiss.dbeaver.ui.editors.sql.execute.SQLQueryJob.executeStatement,1,1,1
dbeaver,org.jkiss.dbeaver.ui.editors.sql.SQLEditor.PresentationPanelToggleAction.run,1,0,1
dbeaver,org.jkiss.dbeaver.ui.editors.sql.SQLEditorSourceViewerConfiguration.createContentAssistant,1,0,1
dbeaver,org.jkiss.dbeaver.ui.editors.sql.handlers.SQLEditorHandlerGoToMatchingBracket.gotoMatchingBracket,1,0,1
dbeaver,org.jkiss.dbeaver.ui.editors.sql.indent.SQLCommentAutoIndentStrategy.formatParagraph,1,0,1
dbeaver,org.jkiss.dbeaver.ui.editors.sql.SQLEditorBase.scrollCursorToError,1,0,1
dbeaver,org.jkiss.dbeaver.ui.editors.sql.SQLEditor.createPartControl,1,0,1
dbeaver,org.jkiss.dbeaver.ui.controls.querylog.QueryLogViewer.updateMetaInfo,1,0,1
dbeaver,org.jkiss.dbeaver.ui.editors.sql.SQLEditor.ServerOutputReader.dumpOutput,1,0,1
dbeaver,org.jkiss.dbeaver.ui.editors.sql.generator.SQLGeneratorDialog.createDialogArea,1,1,1
dbeaver,org.jkiss.dbeaver.ui.editors.sql.syntax.SQLContextInformer.TablesFinderJob.run,1,0,1
dbeaver,org.jkiss.dbeaver.ui.editors.sql.SQLMatchingCharacterPainter.paint,1,0,1
dbeaver,org.jkiss.dbeaver.ui.editors.sql.handlers.SQLEditorHandlerOpenObjectConsole.openConsole,1,0,1
dbeaver,org.jkiss.dbeaver.ui.editors.sql.handlers.SQLEditorHandlerExecute.execute,1,0,1
dbeaver,org.jkiss.dbeaver.ui.editors.sql.SQLEditor.showExtraView,1,0,1
dbeaver,org.jkiss.dbeaver.ui.editors.sql.convert.impl.HTMLSQLConverter.convertText,1,0,1
dbeaver,org.jkiss.dbeaver.ui.editors.sql.syntax.SQLCompletionProposal.validate,1,0,1
dbeaver,org.jkiss.dbeaver.ui.editors.sql.templates.SQLTemplatesPage.insertTemplate,1,0,1
dbeaver,org.jkiss.dbeaver.ui.editors.sql.execute.SQLQueryJob.run,1,1,1
dbeaver,org.jkiss.dbeaver.ui.editors.sql.syntax.SQLDoubleClickStrategy.matchBracketsAt,1,0,1
dbeaver,org.jkiss.dbeaver.ui.editors.sql.indent.SQLCommentAutoIndentStrategy.commentWrapParagraphFromLine,1,0,1
dbeaver,org.jkiss.dbeaver.ui.editors.xml.XMLReconcilingStrategy.classifyTag,1,0,1
dbeaver,org.jkiss.dbeaver.ui.editors.xml.XMLDoubleClickStrategy.selectComment,1,0,1
dbeaver,org.jkiss.dbeaver.ui.search.metadata.SearchMetadataPage.createQuery,1,0,1
dbeaver,org.jkiss.dbeaver.ui.search.metadata.SearchMetadataQuery.run,1,0,1
dbeaver,org.jkiss.dbeaver.ui.search.data.SearchDataQuery.findRows,1,1,1
dbeaver,org.jkiss.utils.SecurityUtils.generateGUID,1,0,1
dbeaver,org.jkiss.utils.ArgumentTokenizer.tokenize,1,0,1
dbeaver,org.jkiss.dbeaver.registry.DataSourceSerializerLegacy.saveDataSource,0,1,1
dbeaver,org.jkiss.dbeaver.registry.DataSourceSerializerModern.saveDataSource,0,1,1
dbeaver,org.jkiss.dbeaver.tools.project.ProjectExportWizard.exportProjects,0,1,1
dbeaver,org.jkiss.dbeaver.ui.actions.ObjectPropertyTester.test,0,1,1
dbeaver,org.jkiss.dbeaver.ui.preferences.PrefPageConnectionTypes.createContents,0,1,1
dbeaver,org.jkiss.dbeaver.ui.preferences.PrefPageDriversMaven.createContents,0,1,1
dbeaver,org.jkiss.dbeaver.ui.gis.panel.GISLeafletViewer.generateViewScript,0,1,1
dbeaver,org.jkiss.dbeaver.ui.gis.panel.GISLeafletViewer.updateToolbar,0,1,1
dbeaver,org.jkiss.dbeaver.ui.gis.panel.TilesManagementDialog.createDialogArea,0,1,1
dbeaver,org.jkiss.dbeaver.tools.transfer.database.DatabaseTransferProducer.transferData,0,1,1
dbeaver,org.jkiss.dbeaver.tools.transfer.ui.pages.database.DatabaseConsumerPageMapping.createControl,0,1,1
dbeaver,org.jkiss.dbeaver.tools.transfer.ui.pages.database.DatabaseConsumerPageMapping.createMappingsTree,0,1,1
dbeaver,org.jkiss.dbeaver.tools.transfer.ui.pages.database.DatabaseProducerPageExtractSettings.createControl,0,1,1
dbeaver,org.jkiss.dbeaver.tools.transfer.ui.pages.stream.StreamConsumerPageOutput.createControl,0,1,1
dbeaver,org.jkiss.dbeaver.tools.transfer.ui.pages.stream.StreamConsumerPageSettings.createControl,0,1,1
dbeaver,org.jkiss.dbeaver.erd.model.ERDUtils.collectDatabaseTables,0,1,1
dbeaver,org.jkiss.dbeaver.erd.ui.export.ERDExportGraphML.exportDiagram,0,1,1
dbeaver,org.jkiss.dbeaver.ext.db2.ui.tools.maintenance.DB2ReorgTableDialog.createControls,0,1,1
dbeaver,org.jkiss.dbeaver.ext.exasol.ui.tools.ExasolExportTableToolDialog.createControls,0,1,1
dbeaver,org.jkiss.dbeaver.ext.generic.model.GenericTableBase.loadReferences,0,1,1
dbeaver,org.jkiss.dbeaver.ext.generic.views.GenericConnectionPage.createControl,0,1,1
dbeaver,org.jkiss.dbeaver.ext.postgresql.model.PostgreDataType.getObjectDefinitionText,0,1,1
dbeaver,org.jkiss.dbeaver.ext.postgresql.ui.editors.PostgresRolePrivilegesEditor.createPartControl,0,1,1
dbeaver,org.jkiss.dbeaver.ext.postgresql.ui.PostgreCreateDatabaseDialog.createDialogArea,0,1,1
dbeaver,org.jkiss.dbeaver.model.exec.DBExecUtils.bindAttributes,0,1,1
dbeaver,org.jkiss.dbeaver.model.impl.data.ExecuteBatchImpl.processBatch,0,1,1
dbeaver,org.jkiss.dbeaver.model.impl.edit.AbstractCommandContext.getCommandQueues,0,1,1
dbeaver,org.jkiss.dbeaver.model.impl.jdbc.cache.JDBCCompositeCache.loadObjects,0,1,1
dbeaver,org.jkiss.dbeaver.model.impl.jdbc.data.handlers.JDBCContentValueHandler.getValueFromObject,0,1,1
dbeaver,org.jkiss.dbeaver.model.impl.jdbc.data.handlers.JDBCNumberValueHandler.fetchColumnValue,0,1,1
dbeaver,org.jkiss.dbeaver.model.impl.jdbc.data.handlers.JDBCNumberValueHandler.bindParameter,0,1,1
dbeaver,org.jkiss.dbeaver.model.impl.jdbc.exec.JDBCColumnMetaData.JDBCColumnMetaData,0,1,1
dbeaver,org.jkiss.dbeaver.model.impl.jdbc.JDBCDataSource.openConnection,0,1,1
dbeaver,org.jkiss.dbeaver.model.impl.jdbc.JDBCDataSourceInfo.JDBCDataSourceInfo,0,1,1
dbeaver,org.jkiss.dbeaver.model.impl.jdbc.JDBCSQLDialect.initDriverSettings,0,1,1
dbeaver,org.jkiss.dbeaver.model.impl.jdbc.struct.JDBCTable.readKeyEnumeration,0,1,1
dbeaver,org.jkiss.dbeaver.model.impl.sql.edit.struct.SQLTableManager.getTableDDL,0,1,1
dbeaver,org.jkiss.dbeaver.model.navigator.DBNProjectDatabases.handleDataSourceEvent,0,1,1
dbeaver,org.jkiss.dbeaver.model.sql.parser.SQLWordPartDetector.SQLWordPartDetector,0,1,1
dbeaver,org.jkiss.dbeaver.model.virtual.DBVModelSerializerLegacy.serializeEntity,0,1,1
dbeaver,org.jkiss.dbeaver.model.virtual.DBVModelSerializerModern.serializeEntity,0,1,1
dbeaver,org.jkiss.dbeaver.model.sql.format.tokenized.IndentFormatter.formatKeyword,0,1,1
dbeaver,org.jkiss.dbeaver.model.sql.task.SQLToolExecuteHandler.executeTool,0,1,1
dbeaver,org.jkiss.dbeaver.registry.driver.DriverDescriptorSerializerLegacy.serialize,0,1,1
dbeaver,org.jkiss.dbeaver.registry.driver.DriverDescriptorSerializerModern.serialize,0,1,1
dbeaver,org.jkiss.dbeaver.tasks.ui.view.DatabaseTasksTree.DatabaseTasksTree,0,1,1
dbeaver,org.jkiss.dbeaver.ui.controls.CustomSashForm.layout,0,1,1
dbeaver,org.jkiss.dbeaver.ui.controls.ViewerColumnController.createVisibleColumns,0,1,1
dbeaver,org.jkiss.dbeaver.ui.dialogs.driver.DriverEditDialog.createMainTab,0,1,1
dbeaver,org.jkiss.dbeaver.ui.dialogs.driver.DriverEditDialog.createLibrariesTab,0,1,1
dbeaver,org.jkiss.dbeaver.ui.controls.lightgrid.GridColumnRenderer.paint,0,1,1
dbeaver,org.jkiss.dbeaver.ui.controls.lightgrid.LightGrid.refreshData,0,1,1
dbeaver,org.jkiss.dbeaver.ui.controls.lightgrid.LightGrid.onPaint,0,1,1
dbeaver,org.jkiss.dbeaver.ui.controls.lightgrid.LightGrid.updateCellSelection,0,1,1
dbeaver,org.jkiss.dbeaver.ui.controls.lightgrid.LightGrid.onMouseDown,0,1,1
dbeaver,org.jkiss.dbeaver.ui.controls.lightgrid.LightGrid.onMouseMove,0,1,1
dbeaver,org.jkiss.dbeaver.ui.controls.lightgrid.LightGrid.onKeyDown,0,1,1
dbeaver,org.jkiss.dbeaver.ui.controls.lightgrid.LightGrid.addDragAndDropSupport,0,1,1
dbeaver,org.jkiss.dbeaver.ui.controls.resultset.FilterSettingsDialog.createDialogArea,0,1,1
dbeaver,org.jkiss.dbeaver.ui.controls.resultset.ResultSetFilterPanel.ResultSetFilterPanel,0,1,1
dbeaver,org.jkiss.dbeaver.ui.controls.resultset.ResultSetModel.updateCellValue,0,1,1
dbeaver,org.jkiss.dbeaver.ui.controls.resultset.ResultSetReferenceMenu.fillRefTablesActions,0,1,1
dbeaver,org.jkiss.dbeaver.ui.controls.resultset.ResultSetViewer.ResultSetViewer,0,1,1
dbeaver,org.jkiss.dbeaver.ui.controls.resultset.ResultSetViewer.setActivePresentation,0,1,1
dbeaver,org.jkiss.dbeaver.ui.controls.resultset.ResultSetViewer.createStatusBar,0,1,1
dbeaver,org.jkiss.dbeaver.ui.controls.resultset.ResultSetViewer.addNewRow,0,1,1
dbeaver,org.jkiss.dbeaver.ui.controls.resultset.colors.ColorSettingsDialog.createAttributeSettingsArea,0,1,1
dbeaver,org.jkiss.dbeaver.ui.controls.resultset.handler.ResultSetHandlerMain.execute,0,1,1
dbeaver,org.jkiss.dbeaver.ui.controls.resultset.panel.grouping.GroupingResultsContainer.rebuildGrouping,0,1,1
dbeaver,org.jkiss.dbeaver.ui.controls.resultset.panel.grouping.GroupingResultsDecorator.registerDragAndDrop,0,1,1
dbeaver,org.jkiss.dbeaver.ui.controls.resultset.panel.references.ReferencesResultsContainer.refreshReferenceKeyList,0,1,1
dbeaver,org.jkiss.dbeaver.ui.controls.resultset.panel.valueviewer.ValueViewerPanel.viewValue,0,1,1
dbeaver,org.jkiss.dbeaver.ui.controls.resultset.plaintext.PlainTextPresentation.printGrid,0,1,1
dbeaver,org.jkiss.dbeaver.ui.controls.resultset.spreadsheet.SpreadsheetPresentation.copySelection,0,1,1
dbeaver,org.jkiss.dbeaver.ui.controls.resultset.spreadsheet.SpreadsheetPresentation.pasteFromClipboard,0,1,1
dbeaver,org.jkiss.dbeaver.ui.controls.resultset.spreadsheet.SpreadsheetPresentation.openValueEditor,0,1,1
dbeaver,org.jkiss.dbeaver.ui.controls.resultset.valuefilter.GenericFilterValueEdit.loadMultiValueList,0,1,1
dbeaver,org.jkiss.dbeaver.ui.data.dialogs.ComplexObjectEditor.ComplexObjectEditor,0,1,1
dbeaver,org.jkiss.dbeaver.ui.data.editors.ReferenceValueEditor.createEditorSelector,0,1,1
dbeaver,org.jkiss.dbeaver.ui.views.session.SessionManagerViewer.SessionManagerViewer,0,1,1
dbeaver,org.jkiss.dbeaver.ui.editors.sql.dialogs.GenerateMultiSQLDialog.executeSQL,0,1,1
dbeaver,org.jkiss.dbeaver.ui.editors.sql.SQLEditor.createResultTabs,0,1,1
dbeaver,org.jkiss.dbeaver.ui.editors.entity.EntityEditor.createPages,0,1,1
dbeaver,org.jkiss.dbeaver.ui.editors.entity.properties.TabbedFolderPageForm.refreshProperties,0,1,1
dbeaver,org.jkiss.dbeaver.ui.navigator.dialogs.ObjectBrowserDialog.createDialogArea,0,1,1
dbeaver,org.jkiss.dbeaver.ui.navigator.dialogs.SelectDataSourceDialog.createDialogArea,0,1,1
dbeaver,org.jkiss.dbeaver.ui.navigator.NavigatorUtils.addDragAndDropSupport,0,1,1
dbeaver,org.jkiss.dbeaver.ui.navigator.itemlist.ObjectListControl.setListData,0,1,1
dbeaver,org.jkiss.dbeaver.ui.navigator.project.ProjectExplorerView.createColumns,0,1,1
dbeaver,org.jkiss.dbeaver.ui.search.metadata.SearchMetadataPage.createControl,0,1,1
elasticsearch-analysis,org.wltea.analyzer.dic.Dictionary.getRemoteWordsUnprivileged,1,0,1
elasticsearch-analysis,org.wltea.analyzer.core.QuickSortSet.addLexeme,1,0,1
fastjson,com.alibaba.fastjson.asm.ClassReader.accept,1,0,1
fastjson,com.alibaba.fastjson.asm.ClassReader.readMethod,1,0,1
fastjson,com.alibaba.fastjson.asm.ClassWriter.toByteArray,1,0,1
fastjson,com.alibaba.fastjson.parser.deserializer.AbstractDateDeserializer.deserialze,1,1,1
fastjson,com.alibaba.fastjson.parser.deserializer.Jdk8DateCodec.deserialze,1,1,1
fastjson,com.alibaba.fastjson.serializer.JodaCodec.deserialze,1,1,1
fastjson,com.alibaba.fastjson.JSONPath.extract,0,1,1
fastjson,com.alibaba.fastjson.JSONPath.getPropertyValue,0,1,1
fastjson,com.alibaba.fastjson.JSONValidator.any,0,1,1
fastjson,com.alibaba.fastjson.parser.DefaultJSONParser.parseObject,0,1,1
fastjson,com.alibaba.fastjson.parser.DefaultJSONParser.parseArray,0,1,1
fastjson,com.alibaba.fastjson.parser.DefaultJSONParser.parse,0,1,1
fastjson,com.alibaba.fastjson.parser.JSONLexerBase.nextToken,0,1,1
fastjson,com.alibaba.fastjson.parser.JSONLexerBase.scanSymbol,0,1,1
fastjson,com.alibaba.fastjson.parser.JSONLexerBase.scanString,0,1,1
fastjson,com.alibaba.fastjson.parser.JSONLexerBase.scanFieldStringArray,0,1,1
fastjson,com.alibaba.fastjson.parser.JSONLexerBase.scanFieldIntArray,0,1,1
fastjson,com.alibaba.fastjson.parser.JSONLexerBase.scanFieldFloat,0,1,1
fastjson,com.alibaba.fastjson.parser.JSONLexerBase.scanFloat,0,1,1
fastjson,com.alibaba.fastjson.parser.JSONLexerBase.scanDouble,0,1,1
fastjson,com.alibaba.fastjson.parser.JSONLexerBase.scanDecimal,0,1,1
fastjson,com.alibaba.fastjson.parser.JSONLexerBase.scanFieldFloatArray,0,1,1
fastjson,com.alibaba.fastjson.parser.JSONLexerBase.scanFieldFloatArray2,0,1,1
fastjson,com.alibaba.fastjson.parser.JSONLexerBase.scanFieldDouble,0,1,1
fastjson,com.alibaba.fastjson.parser.JSONLexerBase.scanFieldDecimal,0,1,1
fastjson,com.alibaba.fastjson.parser.JSONLexerBase.scanFieldBigInteger,0,1,1
fastjson,com.alibaba.fastjson.parser.JSONLexerBase.scanFieldDate,0,1,1
fastjson,com.alibaba.fastjson.parser.JSONLexerBase.scanDate,0,1,1
fastjson,com.alibaba.fastjson.parser.JSONLexerBase.scanFieldUUID,0,1,1
fastjson,com.alibaba.fastjson.parser.JSONLexerBase.scanUUID,0,1,1
fastjson,com.alibaba.fastjson.parser.JSONLexerBase.scanStringSingleQuote,0,1,1
fastjson,com.alibaba.fastjson.parser.JSONScanner.scanFieldInt,0,1,1
fastjson,com.alibaba.fastjson.parser.JSONScanner.scanFieldString,0,1,1
fastjson,com.alibaba.fastjson.parser.JSONScanner.scanFieldDate,0,1,1
fastjson,com.alibaba.fastjson.parser.JSONScanner.scanFieldStringArray,0,1,1
fastjson,com.alibaba.fastjson.parser.JSONScanner.scanFieldLong,0,1,1
fastjson,com.alibaba.fastjson.parser.JSONScanner.scanFieldBoolean,0,1,1
fastjson,com.alibaba.fastjson.parser.JSONScanner.scanInt,0,1,1
fastjson,com.alibaba.fastjson.parser.JSONScanner.scanDouble,0,1,1
fastjson,com.alibaba.fastjson.parser.JSONScanner.scanDate,0,1,1
fastjson,com.alibaba.fastjson.parser.JSONScanner.seekObjectToField,0,1,1
fastjson,com.alibaba.fastjson.parser.ParserConfig.getDeserializer,0,1,1
fastjson,com.alibaba.fastjson.parser.ParserConfig.createJavaBeanDeserializer,0,1,1
fastjson,com.alibaba.fastjson.parser.ParserConfig.checkAutoType,0,1,1
fastjson,com.alibaba.fastjson.parser.deserializer.ArrayListTypeFieldDeserializer.parseArray,0,1,1
fastjson,com.alibaba.fastjson.parser.deserializer.ASMDeserializerFactory._deserialzeArrayMapping,0,1,1
fastjson,com.alibaba.fastjson.parser.deserializer.ASMDeserializerFactory._deserialze,0,1,1
fastjson,com.alibaba.fastjson.parser.deserializer.ASMDeserializerFactory._deserialze_list_obj,0,1,1
fastjson,com.alibaba.fastjson.parser.deserializer.FieldDeserializer.setValue,0,1,1
fastjson,com.alibaba.fastjson.parser.deserializer.JavaBeanDeserializer.deserialze,0,1,1
fastjson,com.alibaba.fastjson.parser.deserializer.JavaBeanDeserializer.parseField,0,1,1
fastjson,com.alibaba.fastjson.parser.deserializer.JavaBeanDeserializer.createInstance,0,1,1
fastjson,com.alibaba.fastjson.parser.deserializer.MapDeserializer.parseMap,0,1,1
fastjson,com.alibaba.fastjson.parser.deserializer.StackTraceElementDeserializer.deserialze,0,1,1
fastjson,com.alibaba.fastjson.parser.deserializer.ThrowableDeserializer.deserialze,0,1,1
fastjson,com.alibaba.fastjson.serializer.ASMSerializerFactory.createJavaBeanSerializer,0,1,1
fastjson,com.alibaba.fastjson.serializer.ASMSerializerFactory.generateWriteAsArray,0,1,1
fastjson,com.alibaba.fastjson.serializer.ASMSerializerFactory.generateWriteMethod,0,1,1
fastjson,com.alibaba.fastjson.serializer.ASMSerializerFactory._list,0,1,1
fastjson,com.alibaba.fastjson.serializer.ASMSerializerFactory._processValue,0,1,1
fastjson,com.alibaba.fastjson.serializer.DateCodec.write,0,1,1
fastjson,com.alibaba.fastjson.serializer.FieldSerializer.writeValue,0,1,1
fastjson,com.alibaba.fastjson.serializer.JavaBeanSerializer.write,0,1,1
fastjson,com.alibaba.fastjson.serializer.ListSerializer.write,0,1,1
fastjson,com.alibaba.fastjson.serializer.MapSerializer.write,0,1,1
fastjson,com.alibaba.fastjson.serializer.MiscCodec.write,0,1,1
fastjson,com.alibaba.fastjson.serializer.MiscCodec.deserialze,0,1,1
fastjson,com.alibaba.fastjson.serializer.SerializeConfig.createJavaBeanSerializer,0,1,1
fastjson,com.alibaba.fastjson.serializer.SerializeConfig.getObjectWriter,0,1,1
fastjson,com.alibaba.fastjson.serializer.SerializeWriter.writeStringWithDoubleQuote,0,1,1
fastjson,com.alibaba.fastjson.serializer.SerializeWriter.writeFieldValueStringWithDoubleQuoteCheck,0,1,1
fastjson,com.alibaba.fastjson.util.FieldInfo.FieldInfo,0,1,1
fastjson,com.alibaba.fastjson.util.JavaBeanInfo.JavaBeanInfo,0,1,1
fastjson,com.alibaba.fastjson.util.JavaBeanInfo.build,0,1,1
fastjson,com.alibaba.fastjson.util.RyuDouble.toString,0,1,1
fastjson,com.alibaba.fastjson.util.RyuFloat.toString,0,1,1
fastjson,com.alibaba.fastjson.util.TypeUtils.castToDate,0,1,1
fastjson,com.alibaba.fastjson.util.TypeUtils.cast,0,1,1
fastjson,com.alibaba.fastjson.util.TypeUtils.castToJavaBean,0,1,1
fastjson,com.alibaba.fastjson.util.TypeUtils.computeGetters,0,1,1
fastjson,com.alibaba.fastjson.codegen.DeserializerGen.genDeserialze,0,1,1
fastjson,com.alibaba.fastjson.deserializer.issues569.parser.ParserConfigBug569.getDeserializer,0,1,1
fastjson,com.alibaba.json.bvt.bug.Bug_for_Next.testPrimitiveArray,0,1,1
fastjson,com.alibaba.json.bvt.bug.Bug_for_zhuel.test_for_zhuel,0,1,1
fastjson,com.alibaba.json.bvt.parser.DefaultExtJSONParserTest.test_casterror2,0,1,1
fastjson,com.alibaba.json.bvt.parser.DefaultExtJSONParserTest.test_casterror,0,1,1
fastjson,com.alibaba.json.test.codegen.DepartmentCodec.deserialze,0,1,1
fastjson,data.media.ImageGenDecoder.deserialze,0,1,1
fastjson,data.media.MediaContentGenDecoder.deserialze,0,1,1
fastjson,data.media.MediaGenDecoder.deserialze,0,1,1
gson,com.google.gson.stream.JsonReaderTest.testNextFailuresDoNotAdvance,1,0,1
gson,com.google.gson.internal.LinkedHashTreeMap.removeInternal,1,0,1
gson,com.google.gson.internal.LinkedTreeMap.removeInternal,1,0,1
gson,com.google.gson.internal.LinkedHashTreeMap.AvlBuilder.add,1,0,1
gson,com.google.gson.internal.bind.util.ISO8601Utils.parse,1,1,1
gson,com.google.gson.internal.bind.util.ISO8601Utils.format,1,0,1
gson,com.google.gson.stream.JsonReader.nextUnquotedValue,1,0,1
gson,com.google.gson.internal.$Gson$Types.resolve,1,0,1
gson,com.google.gson.stream.JsonReader.peekNumber,1,0,1
gson,com.google.gson.internal.bind.JsonElementReaderTest.testWrongType,0,1,1
gson,com.google.gson.stream.JsonReader.doPeek,0,1,1
guava,com.google.common.base.Splitter.SplittingIterator.computeNext,1,0,1
guava,com.google.common.cache.Striped64.retryUpdate,1,0,1
guava,com.google.common.cache.LocalCache.Segment.expand,1,0,1
guava,com.google.common.cache.LocalCache.loadAll,1,0,1
guava,com.google.common.graph.DirectedGraphConnections.incidentEdgeIterator,1,0,1
guava,com.google.common.graph.DirectedGraphConnections.ofImmutable,1,0,1
guava,com.google.common.hash.Striped64.retryUpdate,1,0,1
guava,com.google.common.hash.Murmur3_128HashFunction.Murmur3_128Hasher.processRemaining,1,0,1
guava,com.google.common.hash.FarmHashFingerprint64.hashLength65Plus,1,0,1
guava,com.google.common.io.ReaderInputStream.read,1,0,1
guava,com.google.common.math.LongMath.roundToDouble,1,0,1
guava,com.google.common.math.LongMath.divide,1,0,1
guava,com.google.common.math.IntMath.divide,1,0,1
guava,com.google.common.math.DoubleMath.log2,1,0,1
guava,com.google.common.math.Quantiles.ScaleAndIndexes.computeInPlace,1,0,1
guava,com.google.common.math.LongMath.binomial,1,0,1
guava,com.google.common.net.InetAddresses.textToNumericFormatV6,1,0,1
guava,com.google.common.collect.ImmutableSetMultimap.readObject,1,0,1
jedis,redis.clients.jedis.tests.PipeliningTest.pipelineResponse,1,0,1
jedis,redis.clients.jedis.tests.JedisPoolTest.returnResourceDestroysResourceOnException,1,0,1
jedis,redis.clients.jedis.tests.PipeliningTest.pipelineBinarySafeHashCommands,1,0,1
jedis,redis.clients.jedis.tests.JedisClusterTest.setUp,1,0,1
jedis,redis.clients.jedis.tests.JedisClusterTest.testMigrateToNewNode,1,0,1
jedis,redis.clients.jedis.tests.JedisClusterTest.testMigrate,1,0,1
jedis,redis.clients.jedis.JedisClusterCommand.runWithRetries,1,0,1
jedis,redis.clients.jedis.tests.ShardedJedisTest.testAvoidLeaksUponDisconnect,1,0,1
jedis,redis.clients.jedis.tests.commands.ControlCommandsTest.clientPause,1,0,1
jenkins,hudson.cli.CLI._main,1,1,1
jenkins,hudson.Functions.doPrintStackTrace,1,0,1
jenkins,hudson.Launcher.RemoteLaunchCallable.call,1,0,1
jenkins,hudson.ClassicPluginStrategy.createClassJarFromWebInfClasses,1,0,1
jenkins,hudson.Functions.getRelativeNameFrom,1,0,1
jenkins,hudson.FilePath.IsDescendant.invoke,1,0,1
jenkins,hudson.PluginManager.initTasks,1,1,1
jenkins,hudson.ProxyConfiguration.DescriptorImpl.doValidateProxy,1,0,1
jenkins,hudson.Main.remotePost,1,0,1
jenkins,hudson.FilePath.ValidateAntFileMask.invoke,1,0,1
jenkins,hudson.FilePath.installIfNecessaryFrom,1,0,1
jenkins,hudson.Util.rawEncode,1,0,1
jenkins,hudson.FilePath.normalize,1,0,1
jenkins,hudson.WebAppMain.contextInitialized,1,1,1
jenkins,hudson.ExtensionFinder.GuiceFinder.SezpozModule.configure,1,0,1
jenkins,hudson.PluginManager.doUploadPlugin,1,0,1
jenkins,hudson.ClassicPluginStrategy.createPluginWrapper,1,0,1
jenkins,hudson.EnvVars.OverrideOrderCalculator.scan,1,0,1
jenkins,hudson.util.RobustReflectionConverter.doUnmarshal,0,1,1
jenkins,hudson.cli.declarative.CLIRegisterer.discover,0,1,1
jenkins,hudson.model.DirectoryBrowserSupport.serveFile,0,1,1
jenkins,hudson.model.Executor.run,0,1,1
jenkins,hudson.model.Queue.maintain,0,1,1
jenkins,hudson.model.Run.execute,0,1,1
jenkins,hudson.model.FingerprintTest.fromString,0,1,1
jenkins,hudson.slaves.NodeProvisioner.update,0,1,1
jenkins,jenkins.model.Jenkins.Jenkins,0,1,1
jitwatch,org.adoptopenjdk.jitwatch.ui.triview.TriView.doSetMember,1,0,1
jitwatch,org.adoptopenjdk.jitwatch.ui.nmethod.codecache.CodeCacheLayoutStage.buildControlButtons,1,0,1
jitwatch,org.adoptopenjdk.jitwatch.ui.triview.Viewer.setup,1,0,1
jitwatch,org.adoptopenjdk.jitwatch.ui.nmethod.codecache.CodeCacheLayoutStage.animate,1,0,1
jitwatch,org.adoptopenjdk.jitwatch.ui.triview.Viewer.setContent,1,0,1
jitwatch,org.adoptopenjdk.jitwatch.ui.main.ClassTree.findOrCreateTreeItem,1,0,1
jitwatch,org.adoptopenjdk.jitwatch.ui.nmethod.compilerthread.CompilerThreadStage.plotQueuedCompileTimes,1,0,1
jitwatch,org.adoptopenjdk.jitwatch.jarscan.visualiser.HistoPlotter.start,1,0,1
jitwatch,org.adoptopenjdk.jitwatch.ui.main.JITWatchUI.start,1,0,1
jitwatch,org.adoptopenjdk.jitwatch.ui.sandbox.SandboxConfigStage.buildHBoxBackgroundCompilation,1,0,1
jitwatch,org.adoptopenjdk.jitwatch.ui.sandbox.SandboxConfigStage.buildHBoxCompressedOops,1,0,1
jitwatch,org.adoptopenjdk.jitwatch.ui.sandbox.SandboxConfigStage.buildHBoxOnStackReplacement,1,0,1
jitwatch,org.adoptopenjdk.jitwatch.ui.sandbox.SandboxConfigStage.buildHBoxTieredCompilation,1,0,1
jitwatch,org.adoptopenjdk.jitwatch.ui.Dialogs.showTextInputDialog,1,0,1
jitwatch,org.adoptopenjdk.jitwatch.ui.Dialogs.showYesNoDialog,1,0,1
jitwatch,org.adoptopenjdk.jitwatch.sandbox.Sandbox.runSandbox,1,0,1
jitwatch,org.adoptopenjdk.jitwatch.ui.nmethod.compilerthread.CompilerThreadStage.buildControlButtons,1,0,1
jitwatch,org.adoptopenjdk.jitwatch.ui.triview.bytecode.ViewerBytecode.setContent,1,0,1
jitwatch,org.adoptopenjdk.jitwatch.ui.graphing.CodeCacheStage.redraw,1,0,1
jitwatch,org.adoptopenjdk.jitwatch.ui.triview.bytecode.ViewerBytecode.createLabel,1,0,1
jitwatch,org.adoptopenjdk.jitwatch.ui.triview.TriView.highlightFromSource,1,0,1
jitwatch,org.adoptopenjdk.jitwatch.ui.nmethod.compilerthread.CompilerThreadStage.plotQueueLengths,1,0,1
jitwatch,org.adoptopenjdk.jitwatch.ui.main.JITWatchUI.handleStageClosed,1,0,1
jitwatch,org.adoptopenjdk.jitwatch.loader.BytecodeLoader.buildClassGenerics,1,0,1
jitwatch,org.adoptopenjdk.jitwatch.util.ParseUtil.paramClassesMatch,1,0,1
jitwatch,org.adoptopenjdk.jitwatch.inline.HeadlessInlineVisitor.InlineJournalVisitor.processParseTag,1,0,1
jitwatch,org.adoptopenjdk.jitwatch.loader.BytecodeLoader.parseInstructions,1,0,1
jitwatch,org.adoptopenjdk.jitwatch.model.JITDataModel.buildAndGetMetaClass,1,0,1
jitwatch,org.adoptopenjdk.jitwatch.model.MemberSignatureParts.fromBytecodeSignature,1,0,1
jitwatch,org.adoptopenjdk.jitwatch.compilation.CompilationUtil.memberMatchesMethodID,1,0,1
jitwatch,org.adoptopenjdk.jitwatch.loader.BytecodeLoader.parse,1,0,1
jitwatch,org.adoptopenjdk.jitwatch.util.DisassemblyUtil.getDisassemblerFilePath,1,0,1
jitwatch,org.adoptopenjdk.jitwatch.model.bytecode.BytecodeAnnotationBuilder.buildParseTagAnnotations,1,0,1
jitwatch,org.adoptopenjdk.jitwatch.util.ParseUtil.findBestLineMatchForMemberSignature,1,0,1
jitwatch,org.adoptopenjdk.jitwatch.report.suggestion.SuggestionWalker.handleInlineFailTag,1,0,1
jitwatch,org.adoptopenjdk.jitwatch.model.JITDataModel.updateStats,1,0,1
jitwatch,org.adoptopenjdk.jitwatch.parser.zing.ZingLogParser.parseLine,1,0,1
jitwatch,org.adoptopenjdk.jitwatch.model.assembly.arm.AssemblyParserARM.parseInstruction,1,0,1
jitwatch,org.adoptopenjdk.jitwatch.model.assembly.x86.AssemblyParserX86.parseInstruction,1,0,1
jitwatch,org.adoptopenjdk.jitwatch.model.assembly.AssemblyProcessor.handleLine,1,0,1
jitwatch,org.adoptopenjdk.jitwatch.core.TagProcessor.processValidLine,1,0,1
jitwatch,org.adoptopenjdk.jitwatch.model.assembly.AbstractAssemblyParser.parseAssembly,1,0,1
jitwatch,org.adoptopenjdk.jitwatch.report.suggestion.SuggestionWalker.handleBranchTag,1,0,1
jitwatch,org.adoptopenjdk.jitwatch.jarscan.sequencecount.SequenceCountOperation.handleChainStartingAtIndex,1,0,1
jitwatch,org.adoptopenjdk.jitwatch.jarscan.sequencesearch.SequenceSearchOperation.handleChainStartingAtIndex,1,0,1
jitwatch,org.adoptopenjdk.jitwatch.hotthrow.HotThrowFinder.visitTag,1,0,1
jitwatch,org.adoptopenjdk.jitwatch.parser.hotspot.HotSpotLogParser.handleTag,1,0,1
jitwatch,org.adoptopenjdk.jitwatch.model.assembly.arm.AssemblyParserARM.createInstruction,1,0,1
jitwatch,org.adoptopenjdk.jitwatch.model.assembly.x86.AssemblyParserX86.createInstruction,1,0,1
jitwatch,org.adoptopenjdk.jitwatch.chain.CompileChainWalker.processParseTag,1,0,1
jitwatch,org.adoptopenjdk.jitwatch.report.suggestion.SuggestionWalker.processParseTag,1,0,1
jitwatch,org.adoptopenjdk.jitwatch.histo.InlineSizeHistoVisitable.processParseTag,1,0,1
jitwatch,org.adoptopenjdk.jitwatch.parser.AbstractLogParser.handleMember,1,0,1
jitwatch,org.adoptopenjdk.jitwatch.test.TestJITWatchConfig.testMakeCustomProfileThenDeleteIt,1,0,1
jitwatch,org.adoptopenjdk.jitwatch.test.TestJITWatchConfig.testSwitchBetweenDefaultAndUserProfiles,1,0,1
libgdx,com.badlogic.gdx.InputEventQueue.drain,1,0,1
libgdx,com.badlogic.gdx.backends.android.AndroidTouchHandler.onTouch,1,0,1
libgdx,com.badlogic.gdx.backends.android.ZipResourceFile.addPatchFile,1,0,1
libgdx,com.badlogic.gdx.backends.android.AndroidFragmentApplication.initializeForView,1,0,1
libgdx,com.badlogic.gdx.backends.android.AndroidApplication.init,1,0,1
libgdx,com.badlogic.gdx.backends.android.AndroidDaydream.init,1,0,1
libgdx,com.badlogic.gdx.backends.android.DefaultAndroidInput.onKey,1,0,1
libgdx,com.badlogic.gdx.backends.gwt.GwtApplication.onModuleLoad,1,0,1
libgdx,com.badlogic.gdx.backends.gwt.GwtNet.sendHttpRequest,1,0,1
libgdx,com.badlogic.gdx.backends.lwjgl.DefaultLwjglInput.updateKeyboard,1,0,1
libgdx,com.badlogic.gdx.backends.lwjgl.audio.OggInputStream.readPCM,1,1,1
libgdx,com.badlogic.gdx.backends.lwjgl.audio.OpenALAudioDevice.writeSamples,1,0,1
libgdx,com.badlogic.gdx.backends.lwjgl.LwjglCanvas.initialize,1,0,1
libgdx,com.badlogic.gdx.backends.lwjgl.LwjglCanvas.create,1,0,1
libgdx,com.badlogic.gdx.backends.lwjgl.LwjglFrame.construct,1,0,1
libgdx,com.badlogic.gdx.backends.lwjgl.LwjglGraphics.setWindowedMode,1,0,1
libgdx,com.badlogic.gdx.backends.lwjgl.LwjglApplication.mainLoop,1,0,1
libgdx,com.badlogic.gdx.backends.lwjgl.DefaultLwjglInput.updateMouse,1,0,1
libgdx,com.badlogic.gdx.backends.lwjgl3.audio.OpenALAudioDevice.writeSamples,1,0,1
libgdx,com.badlogic.gdx.backends.lwjgl3.Lwjgl3Application.createGlfwWindow,1,0,1
libgdx,com.badlogic.gdx.backends.lwjgl3.Lwjgl3Application.loop,1,0,1
libgdx,com.badlogic.gdx.backends.lwjgl3.audio.OggInputStream.readPCM,1,1,1
libgdx,com.badlogic.gdx.physics.box2d.Box2DDebugRenderer.drawAABB,1,0,1
libgdx,com.badlogic.gdx.graphics.g2d.freetype.FreeTypeFontGenerator.generateData,1,1,1
libgdx,com.badlogic.gdx.graphics.g2d.freetype.FreeTypeFontGenerator.generateGlyphAndBitmap,1,0,1
libgdx,com.badlogic.gdx.graphics.g2d.freetype.FreeType.Bitmap.getPixmap,1,0,1
libgdx,com.badlogic.gdx.graphics.g2d.freetype.FreeTypeFontGenerator.createGlyph,1,1,1
libgdx,com.badlogic.gdx.tiledmappacker.TiledMapPacker.packTilesets,1,0,1
libgdx,com.badlogic.gdx.tiledmappacker.TiledMapPacker.main,1,0,1
libgdx,com.badlogic.gdx.tools.FileProcessor.process,1,0,1
libgdx,com.badlogic.gdx.backends.lwjgl.DefaultLwjglInput.getGdxKeyCode,0,1,1
libgdx,com.badlogic.gdx.backends.lwjgl.LwjglAWTInput.translateKeyCode,0,1,1
libgdx,com.badlogic.gdx.backends.lwjgl3.DefaultLwjgl3Input.getGdxKeyCode,0,1,1
libgdx,com.badlogic.gdx.backends.iosrobovm.DefaultIOSInput.getGdxKeyCode,0,1,1
libgdx,com.badlogic.gdx.backends.iosrobovm.IOSDevice.populateWithKnownDevices,0,1,1
libgdx,com.badlogic.gdx.backends.gwt.DefaultGwtInput.handleEvent,0,1,1
libgdx,com.badlogic.gdx.backends.gwt.DefaultGwtInput.keyForCode,0,1,1
libgdx,com.badlogic.gdx.graphics.glutils.GLFrameBuffer.build,0,1,1
libgdx,com.badlogic.gdx.graphics.glutils.ShapeRenderer.box,0,1,1
libgdx,com.badlogic.gdx.math.DelaunayTriangulator.computeTriangles,0,1,1
libgdx,com.badlogic.gdx.utils.Json.writeValue,0,1,1
libgdx,com.badlogic.gdx.utils.Json.readValue,0,1,1
libgdx,com.badlogic.gdx.utils.JsonReader.parse,0,1,1
libgdx,com.badlogic.gdx.utils.PropertiesUtils.load,0,1,1
libgdx,com.badlogic.gdx.utils.XmlReader.parse,0,1,1
libgdx,com.badlogic.gwtref.gen.ReflectionCacheSourceCreator.createTypeGenerator,0,1,1
libgdx,com.badlogic.gwtref.gen.ReflectionCacheSourceCreator.getAnnotations,0,1,1
libgdx,com.badlogic.gdx.setup.GdxSetup.build,0,1,1
libgdx,com.badlogic.gdx.setup.GdxSetupUI.generate,0,1,1
libgdx,com.badlogic.gdx.tools.flame.EffectPanel.initializeComponents,0,1,1
libgdx,com.badlogic.gdx.tools.flame.FlameMain.initializeComponents,0,1,1
libgdx,com.badlogic.gdx.tools.flame.ScaledNumericPanel.initializeComponents,0,1,1
libgdx,com.badlogic.gdx.tools.hiero.BMFontUtil.save,0,1,1
libgdx,com.badlogic.gdx.tools.hiero.Hiero.initializeEvents,0,1,1
libgdx,com.badlogic.gdx.tools.hiero.Hiero.initializeComponents,0,1,1
libgdx,com.badlogic.gdx.tools.particleeditor.Chart.paintComponent,0,1,1
libgdx,com.badlogic.gdx.tools.particleeditor.EffectPanel.initializeComponents,0,1,1
libgdx,com.badlogic.gdx.tools.particleeditor.ImagePanel.ImagePanel,0,1,1
libgdx,com.badlogic.gdx.tools.particleeditor.ScaledNumericPanel.ScaledNumericPanel,0,1,1
libgdx,com.badlogic.gdx.tools.texturepacker.MaxRectsPacker.packPage,0,1,1
libgdx,com.badlogic.gdx.tools.texturepacker.TexturePacker.writeImages,0,1,1
libgdx,com.badlogic.gdx.tools.texturepacker.TexturePackerFileProcessor.processDir,0,1,1
libgdx,com.badlogic.gdx.graphics.g2d.CpuSpriteBatch.drawAdjusted,0,1,1
libgdx,com.badlogic.gdx.graphics.g2d.GlyphLayout.setText,0,1,1
libgdx,com.badlogic.gdx.graphics.g2d.ParticleEmitter.activateParticle,0,1,1
libgdx,com.badlogic.gdx.graphics.g2d.PixmapPacker.pack,0,1,1
libgdx,com.badlogic.gdx.graphics.g2d.PolygonSpriteBatch.draw,0,1,1
libgdx,com.badlogic.gdx.graphics.g2d.SpriteBatch.draw,0,1,1
libgdx,com.badlogic.gdx.graphics.g2d.SpriteCache.add,0,1,1
libgdx,com.badlogic.gdx.graphics.g3d.loader.ObjLoader.loadModelData,0,1,1
libgdx,com.badlogic.gdx.maps.tiled.renderers.IsometricStaggeredTiledMapRenderer.renderTileLayer,0,1,1
libgdx,com.badlogic.gdx.maps.tiled.renderers.IsometricTiledMapRenderer.renderTileLayer,0,1,1
libgdx,com.badlogic.gdx.maps.tiled.renderers.OrthoCachedTiledMapRenderer.renderTileLayer,0,1,1
libgdx,com.badlogic.gdx.maps.tiled.renderers.OrthogonalTiledMapRenderer.renderTileLayer,0,1,1
libgdx,com.badlogic.gdx.scenes.scene2d.ui.ProgressBar.draw,0,1,1
libgdx,com.badlogic.gdx.scenes.scene2d.ui.Skin.getJsonLoader,0,1,1
libgdx,com.badlogic.gdx.scenes.scene2d.ui.Table.computeSize,0,1,1
libgdx,com.badlogic.gdx.scenes.scene2d.ui.Table.layout,0,1,1
libgdx,com.badlogic.gdx.scenes.scene2d.ui.Window.Window,0,1,1
libgdx,com.badlogic.gdx.utils.compression.lzma.Encoder.GetOptimum,0,1,1
libgdx,com.badlogic.gdx.utils.compression.lzma.Encoder.CodeOneBlock,0,1,1
libgdx,com.badlogic.gdx.tests.BitmapFontTest.render,0,1,1
libgdx,com.badlogic.gdx.tests.CollectionsTest.testBinaryHeap,0,1,1
libgdx,com.badlogic.gdx.tests.FilesTest.create,0,1,1
libgdx,com.badlogic.gdx.tests.JsonTest.create,0,1,1
libgdx,com.badlogic.gdx.tests.NoncontinuousRenderingTest.populateTable,0,1,1
libgdx,com.badlogic.gdx.tests.Scene2dTest.create,0,1,1
libgdx,com.badlogic.gdx.tests.ScrollPaneScrollBarsTest.create,0,1,1
libgdx,com.badlogic.gdx.tests.UITest.create,0,1,1
libgdx,com.badlogic.gdx.tests.box2d.Cantilever.createWorld,0,1,1
libgdx,com.badlogic.gdx.tests.box2d.CharacterCollision.createWorld,0,1,1
libgdx,com.badlogic.gdx.tests.box2d.ContactListenerTest.createWorld,0,1,1
libgdx,com.badlogic.gdx.tests.gwt.client.GwtTestWrapper.getTestList,0,1,1
libgdx,com.badlogic.gdx.tests.lwjgl3.Lwjgl3DebugStarter.main,0,1,1
mapstruct,org.mapstruct.ap.internal.conversion.Conversions.Conversions,0,1,1
mockserver,org.mockserver.matchers.HttpRequestsPropertiesMatcher.createHttpRequest,0,1,1
mockserver,org.mockserver.matchers.HttpRequestsPropertiesMatcher.buildSecurityValues,0,1,1
mockserver,org.mockserver.mock.action.http.HttpActionHandler.processAction,0,1,1
mockserver,org.mockserver.mock.HttpState.retrieve,0,1,1
mockserver,org.mockserver.openapi.examples.ExampleBuilder.fromProperty,0,1,1
mockserver,org.mockserver.openapi.examples.XmlExampleSerializer.writeTo,0,1,1
mockserver,org.mockserver.serialization.deserializers.body.BodyDTODeserializer.deserialize,0,1,1
mockserver,org.mockserver.serialization.deserializers.body.BodyWithContentTypeDTODeserializer.deserialize,0,1,1
mockserver,org.mockserver.serialization.deserializers.body.StrictBodyDTODeserializer.deserialize,0,1,1
mockserver,org.mockserver.serialization.deserializers.request.RequestDefinitionDTODeserializer.deserialize,0,1,1
mockserver,org.mockserver.serialization.java.HttpRequestToJavaSerializer.serialize,0,1,1
mockserver,org.mockserver.serialization.model.ExpectationDTOTest.shouldReturnValuesSetInConstructor,0,1,1
mockserver,org.mockserver.serialization.model.ExpectationDTOTest.shouldBuildObject,0,1,1
mybatis,org.apache.ibatis.builder.xml.XMLStatementBuilder.parseStatementNode,1,0,1
mybatis,org.apache.ibatis.io.DefaultVFS.findJarForResource,1,0,1
mybatis,org.apache.ibatis.io.DefaultVFS.list,1,0,1
mybatis,org.apache.ibatis.scripting.xmltags.ForEachSqlNode.apply,1,0,1
mybatis,org.apache.ibatis.builder.SqlSourceBuilder.ParameterMappingTokenHandler.buildParameterMapping,1,0,1
mybatis,org.apache.ibatis.executor.BatchExecutor.doFlushStatements,1,0,1
mybatis,org.apache.ibatis.parsing.GenericTokenParser.parse,1,0,1
mybatis,org.apache.ibatis.datasource.pooled.PooledDataSource.popConnection,0,1,1
nanohttpd,org.nanohttpd.protocols.http.HTTPSession.execute,0,1,1
redisson,org.redisson.hibernate.CollectionTest.testQuery,1,0,1
redisson,org.redisson.spring.starter.RedissonAutoConfiguration.redisson,1,0,1
redisson,org.redisson.spring.data.connection.RedisClusterNodeDecoder.decode,1,0,1
redisson,org.redisson.tomcat.TestServlet.doGet,1,0,1
redisson,org.redisson.tomcat.RedissonSessionManager.startInternal,1,1,1
redisson,org.redisson.RedissonLiveObjectService.detach,1,1,1
redisson,org.redisson.RedissonLiveObjectService.persist,1,0,1
redisson,org.redisson.RedissonMultiLock.tryLock,1,0,1
redisson,org.redisson.RedissonExecutorService.registerWorkers,1,0,1
redisson,org.redisson.RedissonRateLimiter.tryAcquireAsync,1,0,1
redisson,org.redisson.RedissonLiveObjectService.createProxy,1,0,1
redisson,org.redisson.RedissonRemoteService.subscribe,1,0,1
redisson,org.redisson.RedissonExecutorService.getClassBody,1,0,1
redisson,org.redisson.RedissonLocalCachedMap.putAllOperationAsync,1,0,1
redisson,org.redisson.RedissonRemoteService.tryExecuteAsync,1,0,1
redisson,org.redisson.RedissonGeo.storeSearchToAsync,1,0,1
redisson,org.redisson.RedissonGeo.storeSortedSearchToAsync,1,0,1
redisson,org.redisson.RedissonGeo.searchAsync,1,0,1
redisson,org.redisson.RedissonGeo.searchWithDistanceAsync,1,0,1
redisson,org.redisson.RedissonGeo.searchWithPositionAsync,1,0,1
redisson,org.redisson.RedisNodes.pingAll,1,0,1
redisson,org.redisson.command.CommandBatchService.executeAsync,0,1,1
redisson,org.redisson.command.CommandBatchService.executeRedisBasedQueue,0,1,1
redisson,org.redisson.connection.SentinelConnectionManager.SentinelConnectionManager,0,1,1
redisson,org.redisson.connection.SentinelConnectionManager.updateState,0,1,1
redisson,org.redisson.RedissonPermitExpirableSemaphore.tryAcquireAsync,0,1,1
redisson,org.redisson.RedissonMapCacheTest.testMaxSize,0,1,1
redisson,org.redisson.executor.CronExpression.storeExpressionVals,0,1,1
redisson,org.redisson.executor.CronExpression.checkNext,0,1,1
redisson,org.redisson.executor.CronExpression.addToSet,0,1,1
redisson,org.redisson.executor.CronExpression.getTimeAfter,0,1,1
redisson,org.redisson.jcache.JCache.removeAsync,0,1,1
redisson,org.redisson.jcache.JCache.registerCacheEntryListener,0,1,1
redisson,org.redisson.liveobject.LiveObjectSearch.traverseAnd,0,1,1
redisson,org.redisson.remote.AsyncRemoteProxy.create,0,1,1
redisson,org.redisson.transaction.RedissonTransaction.disableLocalCacheAsync,0,1,1
retrofit,retrofit.RestAdapter.RestHandler.invokeRequest,1,0,1
retrofit,retrofit.RestMethodInfo.parseMethodAnnotations,1,0,1
retrofit,retrofit.Types.resolve,1,0,1
retrofit,retrofit.RequestBuilder.setArguments,1,1,1
retrofit,retrofit.RestMethodInfo.parseParameters,1,1,1
retrofit,retrofit.MockRestAdapterTest.asyncApiIsCalledWithDelay,1,0,1
retrofit,retrofit.MockRestAdapterTest.asyncHttpExceptionBecomesError,1,0,1
retrofit,retrofit.MockRestAdapterTest.observableApiIsCalledWithDelay,1,0,1
retrofit,retrofit.MockRestAdapterTest.observableHttpExceptionBecomesError,1,0,1
retrofit,retrofit.MockRestAdapter.MockHandler.invokeAsync,1,0,1
shopizer,com.salesmanager.core.model.system.IntegrationConfiguration.toJSONString,1,0,1
shopizer,com.salesmanager.core.business.modules.integration.payment.impl.BeanStreamPayment.sendTransaction,0,1,1
shopizer,com.salesmanager.core.business.modules.integration.payment.impl.PayPalExpressCheckoutPayment.initPaypalTransaction,0,1,1
shopizer,com.salesmanager.core.business.modules.integration.payment.impl.Stripe3Payment.buildException,0,1,1
shopizer,com.salesmanager.core.business.modules.integration.payment.impl.StripePayment.buildException,0,1,1
shopizer,com.salesmanager.core.business.modules.integration.shipping.impl.DefaultPackagingImpl.getBoxPackagesDetails,0,1,1
shopizer,com.salesmanager.core.business.modules.integration.shipping.impl.UPSShippingQuote.getShippingQuotes,0,1,1
shopizer,com.salesmanager.core.business.modules.integration.shipping.impl.USPSShippingQuote.getShippingQuotes,0,1,1
shopizer,com.salesmanager.core.business.repositories.catalog.product.ProductRepositoryImpl.listByStore,0,1,1
shopizer,com.salesmanager.core.business.services.order.OrderServiceImpl.caculateOrder,0,1,1
shopizer,com.salesmanager.core.business.services.shipping.ShippingServiceImpl.getShippingQuote,0,1,1
shopizer,com.salesmanager.core.business.services.tax.TaxServiceImpl.calculateTax,0,1,1
shopizer,com.salesmanager.test.catalog.ProductTest.testCreateProduct,0,1,1
shopizer,com.salesmanager.test.customer.CustomerTest.createCustomer,0,1,1
shopizer,com.salesmanager.test.order.OrderTest.getMerchantOrders,0,1,1
shopizer,com.salesmanager.test.shipping.ShippingQuoteByWeightTest.testGetCustomShippingQuotesByWeight,0,1,1
shopizer,com.salesmanager.test.shoppingcart.ShoppingCartTest.createShoppingCart,0,1,1
shopizer,com.salesmanager.shop.admin.controller.customers.CustomerController.saveCustomer,0,1,1
shopizer,com.salesmanager.shop.admin.controller.merchant.MerchantStoreController.saveMerchantStore,0,1,1
shopizer,com.salesmanager.shop.admin.controller.orders.OrderControler.saveOrder,0,1,1
shopizer,com.salesmanager.shop.admin.controller.products.ProductAttributeController.saveAttribute,0,1,1
shopizer,com.salesmanager.shop.admin.controller.products.ProductController.saveProduct,0,1,1
shopizer,com.salesmanager.shop.admin.controller.products.ProductController.duplicateProduct,0,1,1
shopizer,com.salesmanager.shop.admin.controller.user.UserController.saveUser,0,1,1
shopizer,com.salesmanager.shop.filter.StoreFilter.preHandle,0,1,1
shopizer,com.salesmanager.shop.mapper.catalog.PersistableProductDefinitionMapper.merge,0,1,1
shopizer,com.salesmanager.shop.mapper.customer.ReadableCustomerMapper.merge,0,1,1
shopizer,com.salesmanager.shop.populator.catalog.PersistableProductPopulator.populate,0,1,1
shopizer,com.salesmanager.shop.populator.catalog.ReadableProductPopulator.populate,0,1,1
shopizer,com.salesmanager.shop.populator.customer.CustomerPopulator.populate,0,1,1
shopizer,com.salesmanager.shop.populator.customer.ReadableCustomerPopulator.populate,0,1,1
shopizer,com.salesmanager.shop.populator.order.PersistableOrderPopulator.populate,0,1,1
shopizer,com.salesmanager.shop.populator.order.ReadableOrderPopulator.populate,0,1,1
shopizer,com.salesmanager.shop.populator.shoppingCart.ReadableShoppingCartPopulator.populate,0,1,1
shopizer,com.salesmanager.shop.populator.shoppingCart.ShoppingCartDataPopulator.populate,0,1,1
shopizer,com.salesmanager.shop.populator.store.ReadableMerchantStorePopulator.populate,0,1,1
shopizer,com.salesmanager.shop.store.controller.order.facade.OrderFacadeImpl.processOrderModel,0,1,1
shopizer,com.salesmanager.shop.store.controller.order.facade.OrderFacadeImpl.validateOrder,0,1,1
shopizer,com.salesmanager.shop.store.controller.order.facade.OrderFacadeImpl.processOrder,0,1,1
shopizer,com.salesmanager.shop.store.controller.order.ShoppingOrderController.displayCheckout,0,1,1
shopizer,com.salesmanager.shop.store.controller.order.ShoppingOrderController.commitOrder,0,1,1
shopizer,com.salesmanager.shop.store.controller.order.ShoppingOrderController.calculateShipping,0,1,1
shopizer,com.salesmanager.shop.store.controller.product.ShopProductController.display,0,1,1
shopizer,com.salesmanager.shop.utils.EmailTemplatesUtils.sendOrderEmail,0,1,1
shopizer,com.salesmanager.test.shop.integration.category.CategoryManagementAPIIntegrationTest.postComplexCategory,0,1,1
spark,spark.GenericIntegrationTest.setup,0,1,1
spark,spark.resource.UriPath.canonical,0,1,1
vertx,io.vertx.core.VertxOptionsConverter.fromJson,0,1,1
vertx,io.vertx.core.FutureTest.testDefaultCompleter,0,1,1
vertx,io.vertx.core.VertxOptionsTest.testOptions,0,1,1
vertx,io.vertx.core.dns.HostnameResolutionTest.testOptions,0,1,1
vertx,io.vertx.core.eventbus.EventBusOptionsConverter.fromJson,0,1,1
vertx,io.vertx.core.file.FileSystemTest.testIllegalArguments,0,1,1
vertx,io.vertx.core.http.HttpClientOptionsConverter.fromJson,0,1,1
vertx,io.vertx.core.http.HttpServerOptionsConverter.fromJson,0,1,1
vertx,io.vertx.core.http.Http1xTest.testClientOptions,0,1,1
vertx,io.vertx.core.http.Http1xTest.testServerOptions,0,1,1
vertx,io.vertx.core.http.Http1xTest.testClientOptionsJson,0,1,1
vertx,io.vertx.core.http.Http1xTest.testServerOptionsJson,0,1,1
vertx,io.vertx.core.http.Http1xTest.testContexts,0,1,1
vertx,io.vertx.core.http.Http1xTest.testCloseTheConnectionAfterResetPersistentClientResponse,0,1,1
vertx,io.vertx.core.http.HttpMetricsTestBase.testHttpMetricsLifecycle,0,1,1
vertx,io.vertx.core.http.HttpServerFileUploadTest.testFormUploadFile,0,1,1
vertx,io.vertx.core.http.HttpTest.testFoo,0,1,1
vertx,io.vertx.core.http.WebSocketTest.testWSFrames,0,1,1
vertx,io.vertx.core.net.TCPSSLOptionsConverter.fromJson,0,1,1
vertx,io.vertx.core.http.impl.Http1xUpgradeToH2CHandler.channelRead,0,1,1
vertx,io.vertx.core.impl.resolver.DnsResolverProvider.DnsResolverProvider,0,1,1
vertx,io.vertx.core.spi.metrics.MetricsContextTest.testHttpServerWebSocket,0,1,1
vertx,io.vertx.test.proxy.HttpProxy.start,0,1,1
vertx,io.vertx.test.proxy.SocksProxy.start,0,1,1
webmagic,us.codecraft.webmagic.Spider.run,1,0,1
webmagic,us.codecraft.webmagic.downloader.HttpClientDownloaderTest.test_selectRequestMethod,1,0,1
webmagic,us.codecraft.webmagic.selector.SmartContentSelector.select,1,0,1
webmagic,us.codecraft.webmagic.downloader.selenium.WebDriverPool.configure,1,0,1
xdman,xdman.Config.load,0,1,1
xdman,xdman.downloaders.SegmentDownloader.assemble,0,1,1
xdman,xdman.downloaders.ftp.FtpChannel.connectImpl,0,1,1
xdman,xdman.downloaders.hds.HdsDownloader.assemble,0,1,1
xdman,xdman.downloaders.hls.EncryptedHlsChannel.connectImpl,0,1,1
xdman,xdman.downloaders.hls.PlaylistParser.parse,0,1,1
xdman,xdman.downloaders.http.HttpChannel.connectImpl,0,1,1
xdman,xdman.downloaders.metadata.HttpMetadata.load,0,1,1
xdman,xdman.mediaconversion.FFmpeg.convert,0,1,1
xdman,xdman.monitoring.MonitoringSession.onPreview,0,1,1
xdman,xdman.monitoring.MonitoringSession.processDashSegment,0,1,1
xdman,xdman.ui.components.BatchDownloadWnd.initUI,0,1,1
xdman,xdman.ui.components.BatchPatternDialog.initUI,0,1,1
xdman,xdman.ui.components.BatchVideoWnd.initUI,0,1,1
xdman,xdman.ui.components.DownloadWindow.init,0,1,1
xdman,xdman.ui.components.MainWindow.actionPerformed,0,1,1
xdman,xdman.ui.components.MediaDownloaderWnd.initUI,0,1,1
xdman,xdman.ui.components.MediaFormatWnd.initUI,0,1,1
xdman,xdman.ui.components.PropertiesPage.initUI,0,1,1
xdman,xdman.ui.components.RefreshUrlPage.initUI,0,1,1
xdman,xdman.ui.components.SettingsPage.createOverviewPanel,0,1,1
xdman,xdman.ui.components.SettingsPage.actionPerformed,0,1,1
xdman,xdman.ui.components.SettingsPage.createBrowserIntPanel,0,1,1
xdman,xdman.ui.components.SettingsPage.createNetworkPanel,0,1,1
xdman,xdman.ui.components.SettingsPage.createPasswordPanel,0,1,1
xdman,xdman.ui.components.SettingsPage.createSchedulerPanel,0,1,1
xdman,xdman.ui.components.TrayHandler.createTray,0,1,1
xdman,xdman.ui.components.VideoConversionWnd.initUI,0,1,1
xdman,xdman.ui.components.VideoPopup.init,0,1,1
xdman,xdman.videoparser.YdlResponse.getPlaylistEntry,0,1,1
zookeeper,org.apache.zookeeper.util.FatJarMain.main,1,0,1
zookeeper,org.apache.zookeeper.server.jersey.resources.ZNodeResource.createZNode,1,0,1
zookeeper,org.apache.zookeeper.server.jersey.resources.KeeperExceptionMapper.toResponse,1,0,1
zookeeper,org.apache.zookeeper.inspector.manager.ZooInspectorManagerImpl.getACLs,1,0,1
zookeeper,com.nitido.utils.toaster.Toaster.Animation.run,1,0,1
zookeeper,org.apache.zookeeper.inspector.manager.ZooInspectorManagerImpl.connect,1,0,1
zookeeper,org.apache.zookeeper.test.system.InstanceManager.assignInstance,1,0,1
zookeeper,org.apache.zookeeper.test.system.QuorumPeerInstance.configure,1,1,1
zookeeper,org.apache.zookeeper.test.system.InstanceContainer.processResult,1,0,1
zookeeper,org.apache.zookeeper.test.system.GenerateLoad.ReporterThread.run,1,0,1
zookeeper,org.apache.zookeeper.test.system.GenerateLoad.main,1,1,1
zookeeper,org.apache.jute.compiler.JRecord.genCppCode,1,1,1
zookeeper,org.apache.jute.compiler.JRecord.genJavaCode,1,1,1
zookeeper,org.apache.jute.compiler.JRecord.genCsharpCode,1,1,1
zookeeper,org.apache.jute.compiler.CGenerator.genCode,1,0,1
zookeeper,org.apache.jute.compiler.CppGenerator.genCode,1,0,1
zookeeper,org.apache.jute.compiler.JRecord.genCCode,1,1,1
zookeeper,org.apache.zookeeper.recipes.leader.LeaderElectionSupportTest.testReadyOffer,1,0,1
zookeeper,org.apache.zookeeper.recipes.lock.WriteLockTest.runTest,1,0,1
zookeeper,org.apache.zookeeper.recipes.queue.DistributedQueueTest.testTakeWait2,1,0,1
zookeeper,org.apache.zookeeper.graph.JsonGenerator.JsonGenerator,0,1,1
zookeeper,org.apache.zookeeper.Login.Login,0,1,1
zookeeper,org.apache.zookeeper.inspector.gui.ZooInspectorConnectionPropertiesDialog.ZooInspectorConnectionPropertiesDialog,0,1,1
zookeeper,org.apache.zookeeper.inspector.gui.ZooInspectorNodeViewersDialog.ZooInspectorNodeViewersDialog,0,1,1
zookeeper,org.apache.jute.compiler.generated.RccTokenManager.getNextToken,0,1,1
zookeeper,org.apache.zookeeper.server.quorum.CommitProcessor.run,0,1,1
zookeeper,org.apache.zookeeper.server.quorum.FastLeaderElection.lookForLeader,0,1,1
zookeeper,org.apache.zookeeper.server.quorum.Leader.lead,0,1,1
zookeeper,org.apache.zookeeper.server.quorum.Learner.syncWithLeader,0,1,1
zookeeper,org.apache.zookeeper.server.quorum.LearnerHandler.run,0,1,1
zookeeper,org.apache.zookeeper.server.quorum.QuorumPeer.run,0,1,1
zookeeper,org.apache.zookeeper.server.quorum.QuorumPeerConfig.parseProperties,0,1,1
zookeeper,org.apache.zookeeper.server.quorum.DIFFSyncConsistencyTest.testInconsistentDueToUncommittedLog,0,1,1
zookeeper,org.apache.zookeeper.server.quorum.QuorumPeerMainTest.testInconsistentDueToNewLeaderOrder,0,1,1
zookeeper,org.apache.zookeeper.server.quorum.Zab1_0Test.testNormalFollowerRun,0,1,1
zookeeper,org.apache.zookeeper.server.quorum.Zab1_0Test.testNormalObserverRun,0,1,1
zookeeper,org.apache.zookeeper.server.DataTree.processTxn,0,1,1
zookeeper,org.apache.zookeeper.server.FinalRequestProcessor.processRequest,0,1,1
zookeeper,org.apache.zookeeper.server.PrepRequestProcessor.pRequest2Txn,0,1,1
zookeeper,org.apache.zookeeper.server.PrepRequestProcessor.pRequestHelper,0,1,1
zookeeper,org.apache.zookeeper.server.ServerMetrics.ServerMetrics,0,1,1
zookeeper,org.apache.zookeeper.server.NettyServerCnxnTest.runEnableDisableThrottling,0,1,1
zookeeper,org.apache.zookeeper.server.embedded.ZookeeperServeInfo.getStatus,0,1,1
zookeeper,org.apache.zookeeper.test.ClientTest.performClientTest,0,1,1
zookeeper,org.apache.zookeeper.test.FollowerResyncConcurrencyTest.followerResyncCrashTest,0,1,1
zookeeper,org.apache.zookeeper.test.FollowerResyncConcurrencyTest.testResyncByDiffAfterFollowerCrashes,0,1,1
zookeeper,org.apache.zookeeper.test.QuorumBase.startServers,0,1,1
zookeeper,org.apache.zookeeper.test.ThrottledOpHelper.testThrottledOp,0,1,1
zookeeper,org.apache.zookeeper.test.WatcherTest.testWatcherAutoReset,0,1,1
zookeeper,org.apache.zookeeper.test.ZooKeeperTestClient.enode_test_2,0,1,1
